{"type":"FeatureCollection","features":[{"type":"Feature","properties":{"name":"Port Żerański","natural":"water","id":"way/5003660"},"geometry":{"type":"Polygon","coordinates":[[[20.9800588,52.2960731],[20.9798621,52.2959593],[20.9796389,52.2958661],[20.9794743,52.2958045],[20.9793126,52.2957166],[20.9790962,52.2956584],[20.9788395,52.2956503],[20.9785605,52.2956816],[20.9784751,52.2956792],[20.9783092,52.2956049],[20.9781467,52.2955598],[20.9788276,52.2952302],[20.9788916,52.2952523],[20.9790188,52.29529],[20.9800623,52.2956662],[20.9806269,52.295882],[20.9817459,52.2962977],[20.982511,52.2965722],[20.9826539,52.2966223],[20.9827347,52.2966203],[20.9829206,52.2965607],[20.9832066,52.2964072],[20.983364,52.296372],[20.9835001,52.2963668],[20.9839189,52.2964623],[20.9841424,52.2965229],[20.984343,52.2965449],[20.9845115,52.2965557],[20.9846808,52.2965909],[20.9850058,52.2966337],[20.9854482,52.2967451],[20.9857455,52.2968149],[20.9858947,52.2968596],[20.9859708,52.2968583],[20.9861045,52.2968766],[20.9861961,52.2969049],[20.9864728,52.2969558],[20.9865284,52.2969565],[20.9866853,52.2969292],[20.987093,52.2970244],[20.9871042,52.2970387],[20.9871475,52.2970937],[20.9871404,52.2971536],[20.9870222,52.2972941],[20.9869427,52.2973701],[20.9866837,52.2975435],[20.9863741,52.2978134],[20.9862249,52.2978964],[20.9861035,52.2980392],[20.9860757,52.2981072],[20.9860006,52.2981229],[20.9858741,52.2980663],[20.9858535,52.2980078],[20.9857671,52.2979606],[20.9857033,52.2979297],[20.9856704,52.2979297],[20.9856406,52.2979581],[20.9855963,52.2979253],[20.9855686,52.297926],[20.9855202,52.2979555],[20.9853402,52.2979895],[20.9851591,52.2979411],[20.9849637,52.2978549],[20.9842651,52.2976139],[20.9838176,52.2974585],[20.9837127,52.2973881],[20.9834545,52.2972742],[20.9830944,52.2971874],[20.9827745,52.2970716],[20.9826531,52.2970175],[20.9823578,52.2969552],[20.982257,52.2968954],[20.9819906,52.2967923],[20.9817951,52.2967325],[20.9814803,52.296628],[20.9812406,52.2965425],[20.9809598,52.2964312],[20.9807606,52.2963577],[20.9800588,52.2960731]]]}},{"type":"Feature","properties":{"natural":"water","id":"way/25896094"},"geometry":{"type":"Polygon","coordinates":[[[20.9343538,52.3135282],[20.933792,52.313672],[20.9337196,52.313759],[20.9338912,52.3137458],[20.9337893,52.3140377],[20.9334178,52.3145898],[20.9331724,52.3148166],[20.9327727,52.3150822],[20.9324857,52.3156758],[20.9320039,52.3160177],[20.9317784,52.316253],[20.9309142,52.3160064],[20.931,52.3157859],[20.9315389,52.3154167],[20.9316301,52.3152642],[20.9318098,52.3151806],[20.9318937,52.315046],[20.932097,52.3149181],[20.9322783,52.3148069],[20.9323947,52.3146938],[20.9324325,52.3145521],[20.9331591,52.313995],[20.9338805,52.3133638],[20.9339905,52.3132474],[20.934165,52.3131544],[20.9343096,52.3130473],[20.9344142,52.3127505],[20.9349235,52.3122315],[20.9350547,52.3124351],[20.935008,52.3124918],[20.9347227,52.3128374],[20.9345631,52.3132722],[20.9357942,52.3130182],[20.9358514,52.3129933],[20.9359407,52.3129559],[20.9359549,52.3128905],[20.9359136,52.312855],[20.9358948,52.3128158],[20.9358956,52.3127758],[20.9359431,52.3127499],[20.936081,52.3127325],[20.9362652,52.3126958],[20.9364479,52.3126314],[20.9368757,52.3124618],[20.9369663,52.3124737],[20.9370723,52.3124494],[20.9371563,52.3123949],[20.9371826,52.3123364],[20.9373912,52.3121785],[20.9376589,52.3120081],[20.9380371,52.3117931],[20.9382047,52.3116888],[20.9383635,52.3115457],[20.9384048,52.3114314],[20.9384971,52.3113164],[20.9386739,52.3112151],[20.9388723,52.3111396],[20.9390601,52.3110314],[20.9394673,52.3108763],[20.9396231,52.3108215],[20.9397095,52.3108202],[20.9397666,52.3108799],[20.9398473,52.3109365],[20.9399509,52.3109329],[20.9399887,52.3109055],[20.9399997,52.3108574],[20.939956,52.3108268],[20.9398527,52.3107626],[20.9398318,52.3107221],[20.939839,52.3106746],[20.9398618,52.31062],[20.9404723,52.310274],[20.9405163,52.3101288],[20.9406053,52.310082],[20.9407692,52.3099957],[20.9412383,52.3098276],[20.9417359,52.3096641],[20.9422246,52.3094963],[20.942838,52.3092695],[20.9431918,52.3091569],[20.943475,52.3090144],[20.9438419,52.3088166],[20.9448065,52.3083402],[20.9449832,52.3082184],[20.9451151,52.3081048],[20.9452883,52.3079476],[20.9454837,52.3077875],[20.9457326,52.3076134],[20.9460086,52.3073908],[20.9463758,52.3071829],[20.946823,52.3070647],[20.9473266,52.3070006],[20.9473692,52.3070328],[20.9473003,52.3070563],[20.9471793,52.3071036],[20.9470481,52.3071368],[20.9469215,52.3071653],[20.9467289,52.3072006],[20.9465754,52.3072326],[20.9464924,52.3072617],[20.9463776,52.3073144],[20.9462939,52.3073588],[20.9461835,52.3074178],[20.9460926,52.3074918],[20.9460477,52.3075243],[20.9459724,52.3075489],[20.9459296,52.3075916],[20.945896,52.3076313],[20.9458737,52.3076886],[20.945827,52.3077294],[20.9457848,52.3077424],[20.9457168,52.3077486],[20.9456538,52.3077963],[20.9456157,52.3078188],[20.9455337,52.3078734],[20.9455311,52.3079025],[20.9455579,52.3079358],[20.9455304,52.3079947],[20.945458,52.3080538],[20.9453398,52.3081263],[20.9452716,52.3081937],[20.9452543,52.308239],[20.94526,52.3082603],[20.9452665,52.3082826],[20.94524,52.30831],[20.9451702,52.3083623],[20.9449856,52.3084839],[20.9447386,52.3086019],[20.9445822,52.3086764],[20.9443199,52.3087933],[20.9441474,52.3088764],[20.9439087,52.3090078],[20.9434683,52.3092497],[20.9431945,52.3093696],[20.9430716,52.3094075],[20.9429751,52.3094345],[20.9429152,52.3094767],[20.942827,52.3095214],[20.9425169,52.3096649],[20.9422962,52.3097605],[20.9417571,52.3099954],[20.9416157,52.3100304],[20.9414599,52.3100914],[20.9412692,52.3101787],[20.940972,52.310305],[20.940752,52.310448],[20.9406792,52.310551],[20.9404605,52.31072],[20.9401931,52.3108851],[20.939993,52.311049],[20.9396416,52.3112662],[20.9391159,52.311574],[20.9386229,52.3118103],[20.9383549,52.3119017],[20.9381972,52.3119771],[20.9375849,52.312337],[20.9371847,52.3125505],[20.9369784,52.3126351],[20.9365364,52.3128408],[20.9362215,52.3130018],[20.9359906,52.31311],[20.9358401,52.3131635],[20.9343538,52.3135282]]]}},{"type":"Feature","properties":{"name":"Stawy Brustmana","natural":"water","id":"way/43536087"},"geometry":{"type":"Polygon","coordinates":[[[20.9337115,52.282547],[20.9337372,52.2825115],[20.9337298,52.2824757],[20.9336855,52.2823872],[20.9336911,52.2823492],[20.9336869,52.2822867],[20.9336911,52.2822577],[20.9336747,52.2822265],[20.9336462,52.2822077],[20.9336493,52.2820318],[20.9336919,52.2819939],[20.9340074,52.281973],[20.9341096,52.2819871],[20.9341184,52.2819956],[20.9341017,52.2820349],[20.9341778,52.2820418],[20.9342745,52.2820387],[20.9343658,52.2820181],[20.934344,52.2819879],[20.9343307,52.281975],[20.9343782,52.2819594],[20.934534,52.2819304],[20.9347533,52.2819202],[20.9348056,52.2819355],[20.9348369,52.2819713],[20.9349142,52.2823406],[20.9349538,52.2824479],[20.93499,52.2824798],[20.934992,52.282521],[20.9348429,52.2824993],[20.9346569,52.2824962],[20.9339196,52.2825741],[20.9338141,52.2825833],[20.9337155,52.2826061],[20.9336598,52.2826183],[20.933633,52.2826242],[20.9325298,52.2828068],[20.9324838,52.2828193],[20.9324447,52.2828299],[20.9324265,52.2828698],[20.9324238,52.2830934],[20.9323951,52.2831988],[20.9323534,52.2832388],[20.9322915,52.2832633],[20.9322024,52.2832788],[20.9320832,52.2832503],[20.9319847,52.2831891],[20.9319565,52.2831238],[20.9319304,52.2830567],[20.9318965,52.2830359],[20.9318364,52.2830264],[20.9317607,52.2830407],[20.9316328,52.2831094],[20.9315022,52.2831541],[20.9313795,52.2831749],[20.9312438,52.2831653],[20.931142,52.283127],[20.9310636,52.2830695],[20.9310166,52.2829816],[20.9310349,52.2829241],[20.931095,52.2828587],[20.931202,52.2828107],[20.9315753,52.2827133],[20.9318051,52.2826718],[20.9320166,52.2826542],[20.9321706,52.2826606],[20.9323116,52.2827117],[20.9324186,52.282766],[20.9324577,52.2827594],[20.9336133,52.2825637],[20.9336463,52.2825581],[20.9337115,52.282547]]]}},{"type":"Feature","properties":{"natural":"water","id":"way/43536090"},"geometry":{"type":"Polygon","coordinates":[[[20.9320498,52.281707],[20.9319552,52.281693],[20.9319226,52.2816551],[20.9319193,52.2815992],[20.9318769,52.2815492],[20.931717,52.2814814],[20.9315897,52.2814374],[20.9315114,52.2813875],[20.9314434,52.2813304],[20.931433,52.2813216],[20.931433,52.2812897],[20.931482,52.2812558],[20.9316647,52.2812098],[20.9317561,52.2811959],[20.9318051,52.2811719],[20.9318181,52.281114],[20.9319421,52.2811679],[20.9320564,52.2811939],[20.9319128,52.2812438],[20.9318794,52.281268],[20.9318605,52.2812817],[20.9318055,52.2812817],[20.9317561,52.2812697],[20.931717,52.2812877],[20.9316996,52.2813215],[20.9316811,52.2813576],[20.9316908,52.2814275],[20.9317822,52.2814694],[20.9319748,52.2815013],[20.9321445,52.2815512],[20.9322489,52.2816131],[20.9322554,52.2816551],[20.9322261,52.281687],[20.9321543,52.281701],[20.9320498,52.281707]]]}},{"type":"Feature","properties":{"natural":"water","id":"way/470303317"},"geometry":{"type":"Polygon","coordinates":[[[20.9275182,52.2992699],[20.9273474,52.2993481],[20.9271702,52.2992035],[20.927341,52.2991252],[20.9275182,52.2992699]]]}},{"type":"Feature","properties":{"natural":"water","id":"way/686281333"},"geometry":{"type":"Polygon","coordinates":[[[20.9656343,52.3015494],[20.9656718,52.3015035],[20.965687,52.3014746],[20.9657375,52.3014327],[20.9659393,52.3013265],[20.9659742,52.3012677],[20.9658872,52.3012381],[20.9660067,52.3012322],[20.9661077,52.3011697],[20.9661929,52.3011457],[20.966227,52.3011198],[20.9662389,52.3010725],[20.966276,52.3010666],[20.9662872,52.301088],[20.9663508,52.3011156],[20.9665067,52.3010711],[20.9665555,52.3010402],[20.96655,52.3010096],[20.9665837,52.3010337],[20.9666224,52.3009835],[20.9666535,52.3009327],[20.9666704,52.3009553],[20.9666744,52.3009885],[20.9667141,52.3009921],[20.9667838,52.3009796],[20.9667784,52.301055],[20.9668215,52.3010889],[20.9668411,52.3011252],[20.9669224,52.3011475],[20.9668887,52.3011663],[20.9668341,52.3012115],[20.9668431,52.3012414],[20.9667279,52.3012887],[20.9666569,52.3012971],[20.9664793,52.3013572],[20.966363,52.3013985],[20.9662988,52.301365],[20.9662802,52.301374],[20.9662796,52.3014224],[20.9663433,52.3014294],[20.9663445,52.3014496],[20.9663166,52.3014872],[20.9662323,52.3015084],[20.966121,52.3014923],[20.9659902,52.3015461],[20.9659478,52.3016178],[20.9658265,52.3016555],[20.965727,52.3017086],[20.9656694,52.3017279],[20.9655685,52.3017459],[20.9655026,52.3017697],[20.9653874,52.3018326],[20.9652543,52.3018641],[20.9652196,52.3019124],[20.965185,52.3019233],[20.96515,52.3018811],[20.9651553,52.3018473],[20.9651988,52.3017852],[20.965303,52.3017077],[20.9653545,52.301681],[20.965472,52.3016289],[20.9655901,52.3015634],[20.9656343,52.3015494]]]}},{"type":"Feature","properties":{"natural":"water","id":"way/686281334"},"geometry":{"type":"Polygon","coordinates":[[[20.9650136,52.3019816],[20.965018,52.3019919],[20.9649425,52.3020399],[20.9647366,52.302109],[20.9646728,52.3021519],[20.9645963,52.3021759],[20.9645114,52.3021837],[20.964366,52.3022207],[20.9643066,52.3022629],[20.9642139,52.3022817],[20.9640518,52.3022947],[20.9639652,52.3023323],[20.9638055,52.3023698],[20.9636547,52.3023768],[20.9635442,52.3023816],[20.9635396,52.3024061],[20.9635084,52.3024023],[20.963447,52.3023715],[20.9633894,52.3023791],[20.9633567,52.3023936],[20.963354,52.3024503],[20.9631623,52.3025173],[20.9629942,52.3025488],[20.9626997,52.302614],[20.9625224,52.3026477],[20.9623282,52.3027155],[20.9621383,52.3027423],[20.962024,52.3027823],[20.9619022,52.3027787],[20.9618232,52.3028039],[20.9617795,52.3028453],[20.9616955,52.3028676],[20.9614298,52.3028709],[20.9613936,52.3028691],[20.9612408,52.3028364],[20.9611734,52.3028073],[20.9611755,52.3027769],[20.96113,52.302733],[20.9611095,52.3027145],[20.9611178,52.3027094],[20.9611223,52.3027067],[20.9612152,52.3027066],[20.961298,52.3026729],[20.9613776,52.3026509],[20.9614451,52.3026071],[20.9617223,52.3024701],[20.9618672,52.3023969],[20.9620021,52.3023365],[20.9621397,52.3023038],[20.9623385,52.3023259],[20.9625162,52.3023195],[20.9626908,52.3022839],[20.9629409,52.3022301],[20.9631189,52.3021947],[20.9631677,52.3021935],[20.9632459,52.3022087],[20.9632814,52.3021189],[20.9632845,52.3021945],[20.9633636,52.3021962],[20.9634415,52.3021697],[20.9635791,52.3021839],[20.9637202,52.3021816],[20.9637879,52.3021723],[20.9639302,52.3021754],[20.9640273,52.3021946],[20.9641093,52.3021847],[20.9642367,52.3021404],[20.9644366,52.3020647],[20.9644837,52.3020553],[20.9645872,52.302045],[20.9646833,52.3020233],[20.9648272,52.3019838],[20.9649156,52.3019617],[20.9650136,52.3019816]]]}},{"type":"Feature","properties":{"bridge":"viaduct","layer":"1","id":"way/689469603"},"geometry":{"type":"Polygon","coordinates":[[[20.9430183,52.3029014],[20.9425003,52.3026433],[20.9425819,52.3026256],[20.9426571,52.3026119],[20.9431976,52.3028737],[20.9431306,52.302882],[20.9430183,52.3029014]]]}},{"type":"Feature","properties":{"bridge":"viaduct","layer":"1","id":"way/689469617"},"geometry":{"type":"Polygon","coordinates":[[[20.9409087,52.3036117],[20.9406795,52.3035233],[20.9406558,52.3034494],[20.9406431,52.3034083],[20.9408942,52.3034934],[20.940901,52.3035451],[20.9409087,52.3036117]]]}},{"type":"Feature","properties":{"bridge":"viaduct","layer":"1","id":"way/689891942"},"geometry":{"type":"Polygon","coordinates":[[[20.9354743,52.2987917],[20.935522,52.2987621],[20.9355597,52.2987396],[20.9357417,52.2988623],[20.9356949,52.2988872],[20.9356545,52.2989152],[20.9354743,52.2987917]]]}},{"type":"Feature","properties":{"bridge":"viaduct","layer":"1","id":"way/689891945"},"geometry":{"type":"Polygon","coordinates":[[[20.9357673,52.2988463],[20.9355785,52.2987274],[20.9356222,52.2986993],[20.935661,52.2986746],[20.9358458,52.2987965],[20.9358086,52.2988176],[20.9357673,52.2988463]]]}},{"type":"Feature","properties":{"bridge":"viaduct","layer":"1","id":"way/689891952"},"geometry":{"type":"Polygon","coordinates":[[[20.9434736,52.3028287],[20.9429146,52.3025725],[20.9429976,52.3025602],[20.9432,52.3025301],[20.943264,52.3025585],[20.9437066,52.3027552],[20.9437619,52.3027789],[20.9435581,52.3028141],[20.9434736,52.3028287]]]}},{"type":"Feature","properties":{"bridge":"viaduct","layer":"1","id":"way/689891958"},"geometry":{"type":"Polygon","coordinates":[[[20.9427001,52.3026037],[20.9427771,52.3025882],[20.9428556,52.3025782],[20.9434093,52.3028407],[20.9433326,52.3028538],[20.9432468,52.302867],[20.9427001,52.3026037]]]}},{"type":"Feature","properties":{"bridge":"viaduct","layer":"1","id":"way/689891962"},"geometry":{"type":"Polygon","coordinates":[[[20.9353465,52.2988653],[20.9353924,52.2988372],[20.9354359,52.2988155],[20.9356091,52.2989402],[20.9355718,52.2989651],[20.9355225,52.2989942],[20.9353465,52.2988653]]]}},{"type":"Feature","properties":{"bridge":"viaduct","layer":"1","id":"way/689891967"},"geometry":{"type":"Polygon","coordinates":[[[20.9352889,52.2989011],[20.9353286,52.2988766],[20.9355066,52.2990058],[20.9354644,52.2990299],[20.9354242,52.2990527],[20.9354076,52.2990401],[20.9352863,52.2989484],[20.9352528,52.2989231],[20.9352889,52.2989011]]]}},{"type":"Feature","properties":{"natural":"water","id":"way/783141378"},"geometry":{"type":"Polygon","coordinates":[[[20.9672618,52.300413],[20.9673098,52.3004066],[20.9674054,52.3004746],[20.9674158,52.3005043],[20.9673755,52.3005495],[20.9671745,52.3006735],[20.9671068,52.3006948],[20.9670478,52.300682],[20.9670458,52.3006339],[20.967083,52.3005909],[20.9671572,52.3005567],[20.9671655,52.3004683],[20.9672618,52.300413]]]}},{"type":"Feature","properties":{"natural":"water","id":"way/895751651"},"geometry":{"type":"Polygon","coordinates":[[[20.9703041,52.3055187],[20.9702752,52.3055144],[20.970202,52.3054531],[20.9702167,52.3054237],[20.9705179,52.3052521],[20.970559,52.3052419],[20.9706014,52.3052454],[20.9706676,52.3052886],[20.9706528,52.3053126],[20.9704916,52.3053766],[20.9704808,52.3053848],[20.970388,52.3054559],[20.9703643,52.3054741],[20.9703041,52.3055187]]]}},{"type":"Feature","properties":{"natural":"water","id":"way/923185201"},"geometry":{"type":"Polygon","coordinates":[[[20.952351,52.3016215],[20.9522381,52.3016004],[20.9521965,52.3015844],[20.9521596,52.3015597],[20.9520788,52.3015503],[20.9520408,52.3015321],[20.9519802,52.3015169],[20.9519231,52.3014885],[20.9518316,52.3014725],[20.9516914,52.3014718],[20.9515619,52.3014914],[20.951405,52.3015263],[20.951279,52.3015692],[20.9511269,52.3016491],[20.9510723,52.3016389],[20.9510699,52.3016062],[20.9510734,52.3015764],[20.9511079,52.3015488],[20.9511471,52.3015089],[20.9511709,52.3014943],[20.9512125,52.3014921],[20.9512938,52.3014876],[20.9514074,52.3014703],[20.9514977,52.301442],[20.9516403,52.301373],[20.9517698,52.301333],[20.9518209,52.3013192],[20.9519077,52.3013126],[20.9520871,52.3013228],[20.9522084,52.3013199],[20.9522642,52.3013047],[20.9523129,52.3012647],[20.9524282,52.3012174],[20.9527301,52.3011513],[20.9534602,52.300964],[20.9535358,52.3009784],[20.9536035,52.3010183],[20.9536316,52.3010658],[20.9534609,52.3011466],[20.9532625,52.3012749],[20.9530557,52.3013708],[20.9528275,52.3014624],[20.952692,52.3015379],[20.9525411,52.3016048],[20.9524377,52.3016302],[20.952351,52.3016215]]]}},{"type":"Feature","properties":{"natural":"water","id":"way/923185202"},"geometry":{"type":"Polygon","coordinates":[[[20.9502534,52.3018649],[20.9501703,52.3018969],[20.9501132,52.30191],[20.9500538,52.3019413],[20.9499789,52.3019594],[20.9498755,52.3019863],[20.9497852,52.3020212],[20.9497032,52.3020379],[20.9494857,52.3020692],[20.9492481,52.3020931],[20.9491328,52.3021106],[20.9490306,52.3021353],[20.9488904,52.3021527],[20.9488179,52.302176],[20.9487442,52.3021869],[20.948655,52.3022029],[20.9485184,52.302253],[20.9483972,52.3022763],[20.9483473,52.302293],[20.9482771,52.3023032],[20.9480789,52.3023558],[20.9480418,52.3023286],[20.9480038,52.3022821],[20.94803,52.3022508],[20.9485053,52.3021317],[20.9487394,52.3020844],[20.9489296,52.3020256],[20.9492492,52.3019543],[20.9497852,52.3018017],[20.9500324,52.3017407],[20.9501477,52.3017276],[20.9502119,52.3017327],[20.9502225,52.3017734],[20.9502499,52.3018097],[20.9502534,52.3018649]]]}},{"type":"Feature","properties":{"natural":"water","id":"way/980385588"},"geometry":{"type":"Polygon","coordinates":[[[20.9217187,52.2978836],[20.9218477,52.2978269],[20.921991,52.2979491],[20.9218621,52.2980057],[20.9217187,52.2978836]]]}},{"type":"Feature","properties":{"natural":"water","id":"way/998649505"},"geometry":{"type":"Polygon","coordinates":[[[20.9878441,52.2966989],[20.9877657,52.2966866],[20.9877542,52.2966941],[20.9876557,52.2966946],[20.9872819,52.2967106],[20.9871496,52.2967067],[20.9871041,52.2967376],[20.987067,52.2967313],[20.9865497,52.2966331],[20.9864944,52.2965823],[20.9861155,52.2965044],[20.9844642,52.2961653],[20.9842106,52.2961272],[20.9838476,52.296052],[20.9831755,52.2959182],[20.9824041,52.2957592],[20.9815964,52.295603],[20.9813356,52.2955503],[20.9811267,52.2955081],[20.9808371,52.2954761],[20.9800397,52.2953058],[20.9798555,52.2952873],[20.9797686,52.2952702],[20.9791097,52.2951403],[20.9803625,52.2949121],[20.9803988,52.2949549],[20.9805719,52.2949885],[20.9807183,52.2950214],[20.9811333,52.2951146],[20.9823867,52.295402],[20.9830823,52.2955529],[20.983264,52.2955965],[20.9836971,52.295694],[20.9840445,52.2957613],[20.9842523,52.2957773],[20.9845672,52.2957675],[20.9847946,52.2957298],[20.9851179,52.2956261],[20.9853075,52.2955415],[20.985803,52.2954084],[20.9859841,52.2953412],[20.9863735,52.2952404],[20.9864769,52.2952143],[20.9865536,52.2952126],[20.9867144,52.2952331],[20.9868899,52.295263],[20.9872288,52.2953169],[20.9875118,52.2953748],[20.9877173,52.2954341],[20.9876771,52.2954812],[20.9878087,52.2955787],[20.9877877,52.2955985],[20.9880567,52.2957046],[20.9881083,52.2956575],[20.988119,52.2956471],[20.9882191,52.2956471],[20.9882639,52.2956771],[20.9883158,52.2957296],[20.9882999,52.2957833],[20.9882441,52.2958539],[20.9880608,52.2960036],[20.9878969,52.2961309],[20.9877986,52.2961918],[20.9876861,52.2962305],[20.9875824,52.2962327],[20.9870785,52.2961137],[20.9866515,52.2960444],[20.9858501,52.2958903],[20.9856029,52.2958258],[20.9854735,52.2958135],[20.9853578,52.2958345],[20.9852733,52.2958668],[20.9852553,52.2959138],[20.9852512,52.2959561],[20.9852506,52.2960015],[20.9853675,52.2960434],[20.9876292,52.2965389],[20.9878405,52.2965847],[20.9878996,52.2965952],[20.9878711,52.2966484],[20.9878441,52.2966989]]]}},{"type":"Feature","properties":{"natural":"water","id":"way/1060321700"},"geometry":{"type":"Polygon","coordinates":[[[20.9722548,52.2889615],[20.9722521,52.288927],[20.9722253,52.2889139],[20.9722307,52.2888909],[20.9722709,52.2888745],[20.9723138,52.2888926],[20.9723192,52.2889549],[20.9722924,52.288973],[20.9722548,52.2889615]]]}},{"type":"Feature","properties":{"bridge":"viaduct","layer":"1","name":"Kładka Żerańska","id":"way/1092460963"},"geometry":{"type":"Polygon","coordinates":[[[20.9804319,52.2967343],[20.9806037,52.2966939],[20.9809122,52.2965718],[20.9808826,52.2965427],[20.9809439,52.296519],[20.9809693,52.2965437],[20.980935,52.2965573],[20.980939,52.2965611],[20.9817782,52.296229],[20.9817718,52.296223],[20.9818016,52.2962112],[20.981808,52.2962173],[20.9826223,52.2958948],[20.9826152,52.295888],[20.9826396,52.2958783],[20.9826467,52.295885],[20.9834776,52.2955561],[20.9834738,52.2955524],[20.9834405,52.2955656],[20.9834119,52.2955376],[20.9834739,52.2955138],[20.9834882,52.2955276],[20.98366,52.2954575],[20.9836742,52.295473],[20.9835021,52.2955412],[20.9835059,52.2955449],[20.9839307,52.2953767],[20.984147,52.2952775],[20.9841624,52.2952898],[20.984178,52.2953022],[20.9839573,52.2954014],[20.9835202,52.2955746],[20.9835259,52.2955801],[20.983495,52.2955924],[20.9834892,52.2955868],[20.9826732,52.2959099],[20.9826794,52.2959158],[20.9826544,52.2959257],[20.9826484,52.2959199],[20.9818341,52.2962425],[20.9818402,52.2962485],[20.9818111,52.2962601],[20.9818047,52.296254],[20.9809845,52.296579],[20.980991,52.2965852],[20.9809477,52.2966024],[20.9809413,52.2965961],[20.9807488,52.2966733],[20.9807653,52.2966882],[20.980716,52.2967084],[20.980709,52.2967019],[20.9806983,52.2966919],[20.9806294,52.2967197],[20.9804484,52.2967621],[20.98044,52.296748],[20.9804319,52.2967343]]]}},{"type":"Feature","properties":{"bridge":"viaduct","layer":"1","id":"way/1185475629"},"geometry":{"type":"Polygon","coordinates":[[[20.938813,52.3011379],[20.9390482,52.3012566],[20.9390085,52.3013481],[20.9389546,52.3014724],[20.9387464,52.3013722],[20.9387162,52.301357],[20.9387027,52.3013502],[20.9387085,52.30134],[20.9387733,52.3012174],[20.9388067,52.3011541],[20.938813,52.3011379]]]}},{"type":"Feature","properties":{"bridge":"viaduct","layer":"1","id":"way/1185475630"},"geometry":{"type":"Polygon","coordinates":[[[20.9394475,52.3014478],[20.9396698,52.3015474],[20.9395634,52.3016494],[20.9394737,52.3017354],[20.9392533,52.3016212],[20.9393569,52.3015287],[20.9394366,52.3014576],[20.9394475,52.3014478]]]}},{"type":"Feature","properties":{"bridge":"viaduct","layer":"1","id":"way/1233275349"},"geometry":{"type":"Polygon","coordinates":[[[20.9402033,52.3014189],[20.9400212,52.3013332],[20.9399935,52.3013199],[20.9399033,52.3012765],[20.9398908,52.3012705],[20.9397516,52.3012036],[20.9393157,52.301001],[20.9390639,52.3008856],[20.9390397,52.3008745],[20.9389435,52.3008305],[20.938727,52.3007312],[20.9387336,52.3007241],[20.9387655,52.3006898],[20.9388003,52.3006525],[20.938819,52.3006323],[20.9388472,52.300602],[20.9388926,52.300556],[20.939073,52.3006346],[20.9391042,52.3006493],[20.9391977,52.3006935],[20.9392378,52.3007124],[20.9394119,52.3007946],[20.9400334,52.3010898],[20.9400625,52.3011036],[20.9401595,52.3011508],[20.9403869,52.3012615],[20.9403344,52.3013068],[20.9403007,52.3013359],[20.9402815,52.3013525],[20.9402365,52.3013907],[20.9402033,52.3014189]]]}},{"type":"Feature","properties":{"bridge":"viaduct","layer":"1","id":"way/1233511893"},"geometry":{"type":"Polygon","coordinates":[[[20.9409355,52.3029188],[20.9409684,52.3030026],[20.9410036,52.3030902],[20.9410329,52.303164],[20.9409184,52.303181],[20.9407794,52.3032007],[20.9407481,52.3032049],[20.9405714,52.303232],[20.9405443,52.3031602],[20.9405063,52.303071],[20.94047,52.3029874],[20.9406547,52.3029602],[20.9407426,52.3029472],[20.9409355,52.3029188]]]}},{"type":"Feature","properties":{"bridge":"viaduct","layer":"1","id":"way/1243705047"},"geometry":{"type":"Polygon","coordinates":[[[20.9720947,52.2759764],[20.9721938,52.276047],[20.9724059,52.2761557],[20.9723814,52.2761726],[20.9722158,52.2762868],[20.9721794,52.2763119],[20.9720404,52.2764077],[20.9719903,52.2764423],[20.9716763,52.2762722],[20.9716953,52.2762587],[20.9717187,52.2762422],[20.9718679,52.2761367],[20.9718988,52.2761149],[20.97206,52.276001],[20.9720947,52.2759764]]]}},{"type":"Feature","properties":{"bridge":"viaduct","layer":"1","id":"way/1281894759"},"geometry":{"type":"Polygon","coordinates":[[[20.9809619,52.2804971],[20.9809447,52.2805128],[20.9805595,52.2808123],[20.9805053,52.28085],[20.9804166,52.2808075],[20.9804356,52.2808084],[20.9804508,52.2808071],[20.9804649,52.2808026],[20.9808898,52.2804604],[20.9809619,52.2804971]]]}},{"type":"Feature","properties":{"natural":"water","id":"way/1330770400"},"geometry":{"type":"Polygon","coordinates":[[[20.9574782,52.2999371],[20.9572314,52.3000979],[20.9570329,52.3002684],[20.956813,52.3003898],[20.9565179,52.3004751],[20.9562282,52.3005834],[20.9559171,52.3006326],[20.9557562,52.3005965],[20.9557562,52.3004948],[20.9559547,52.3003865],[20.9561907,52.3003078],[20.9564106,52.3002028],[20.9566145,52.3001175],[20.9569256,52.3000421],[20.9573601,52.2999273],[20.9574782,52.2999371]]]}},{"type":"Feature","properties":{"highway":"secondary","name":"Stefana Żeromskiego","id":"way/4840960"},"geometry":{"type":"LineString","coordinates":[[20.9389976,52.2779753],[20.9392462,52.2779224]]}},{"type":"Feature","properties":{"bridge":"yes","highway":"motorway_link","layer":"1","name":"Aleja Armii Krajowej","id":"way/5080504"},"geometry":{"type":"LineString","coordinates":[[20.9834841,52.2817625],[20.9850977,52.2824996]]}},{"type":"Feature","properties":{"layer":"-3","railway":"subway","tunnel":"yes","id":"way/5111165"},"geometry":{"type":"LineString","coordinates":[[20.961043,52.2763731],[20.961221,52.2762899],[20.9613954,52.2762069],[20.9615737,52.2761196],[20.9617392,52.2760361],[20.9619011,52.2759506],[20.9620576,52.2758649],[20.9622336,52.2757643],[20.9624051,52.2756622],[20.9625629,52.2755643],[20.9627143,52.2754661],[20.9628644,52.2753634],[20.9630098,52.2752588],[20.9631464,52.2751557],[20.9632861,52.2750481],[20.9640653,52.2744328],[20.9644133,52.2741605],[20.9645615,52.2740529],[20.9647096,52.2739502],[20.9648793,52.2738393],[20.9650293,52.2737457],[20.9651933,52.2736483],[20.9652826,52.2735987],[20.9653653,52.2735513],[20.9655308,52.2734626],[20.9656968,52.2733765],[20.9658756,52.2732879],[20.9660751,52.2731922],[20.9662728,52.2731013],[20.9664529,52.273022],[20.9666656,52.2729328],[20.9668782,52.2728468],[20.967069,52.2727743],[20.967261,52.2727038],[20.9674464,52.2726391],[20.9676459,52.2725713],[20.9678379,52.2725106],[20.9680413,52.2724486],[20.9681998,52.2723999],[20.968376,52.2723488],[20.96864,52.2722771],[20.9688811,52.2722176],[20.9691264,52.2721593],[20.969322,52.2721137],[20.9695192,52.2720674],[20.9697329,52.2720176],[20.9699403,52.2719717],[20.970152,52.2719249],[20.9707035,52.2717955]]}},{"type":"Feature","properties":{"bridge":"yes","highway":"motorway_link","layer":"1","id":"way/5178976"},"geometry":{"type":"LineString","coordinates":[[20.9861888,52.2852258],[20.9862013,52.2851337],[20.9862084,52.2850283],[20.9862088,52.2849308],[20.9862001,52.2848335],[20.9861823,52.2847099],[20.9861197,52.284449],[20.9860271,52.2840114],[20.9859619,52.2835898]]}},{"type":"Feature","properties":{"name":"Wisła","waterway":"river","id":"way/5200518"},"geometry":{"type":"LineString","coordinates":[[21.0210206,52.2488811],[21.0196762,52.2500914],[21.0185501,52.2512116],[21.0174795,52.2523639],[21.016405,52.2535199],[21.0157266,52.2542497],[21.0139682,52.25614],[21.0108477,52.26003],[21.0098982,52.26101],[21.0096422,52.2612874],[21.0085907,52.2624175],[21.0077667,52.2634335],[21.0068946,52.2649134],[21.0062636,52.2661584],[21.0057149,52.267427],[21.0054011,52.2683067],[21.0051423,52.2691201],[21.004924,52.2699368],[21.0047283,52.2708094],[21.0045776,52.2716777],[21.0044371,52.2728871],[21.0043614,52.2745357],[21.0042597,52.2754806],[21.0039679,52.2765688],[21.0033569,52.2778673],[21.0026402,52.2789773],[21.0020142,52.2798309],[20.9999848,52.2827603],[20.999158,52.2837054],[20.9980633,52.2849285],[20.9970199,52.2861302],[20.995914,52.2871606],[20.9955047,52.2874182],[20.9949519,52.2877641],[20.9918003,52.2894786],[20.9881579,52.2914102],[20.9867299,52.2921186],[20.9849601,52.2927824],[20.9828492,52.2933802],[20.9800072,52.2940167],[20.9773631,52.2944885]]}},{"type":"Feature","properties":{"bridge":"yes","highway":"motorway_link","layer":"1","id":"way/23309368"},"geometry":{"type":"LineString","coordinates":[[20.9883786,52.2849854],[20.9881836,52.2851235],[20.9880712,52.2851927],[20.9879661,52.2852428],[20.9878663,52.2852813],[20.98777,52.2853147],[20.9876738,52.2853394],[20.9875565,52.2853636],[20.9874466,52.2853775],[20.9873364,52.285382],[20.9872305,52.2853831],[20.9871341,52.2853732],[20.9870326,52.2853562],[20.9869476,52.2853322],[20.9868609,52.2853031],[20.986786,52.2852724],[20.9867271,52.285238],[20.9866553,52.2851941],[20.9865925,52.2851485],[20.9865388,52.2850981],[20.9864937,52.2850501],[20.9864455,52.2849872],[20.9864081,52.2849236],[20.9863808,52.2848611],[20.9863574,52.2847828],[20.9863285,52.2846866],[20.9862869,52.2845194],[20.9862039,52.2841774],[20.9861105,52.2838902],[20.9859619,52.2835898]]}},{"type":"Feature","properties":{"highway":"trunk","name":"Wybrzeże Gdyńskie","id":"way/23309523"},"geometry":{"type":"LineString","coordinates":[[20.9392481,52.3033596],[20.9390026,52.3033958],[20.9388127,52.3034302],[20.9386332,52.3034631]]}},{"type":"Feature","properties":{"bridge":"yes","highway":"trunk","layer":"1","name":"Wybrzeże Gdyńskie","id":"way/23309524"},"geometry":{"type":"LineString","coordinates":[[20.9405063,52.303071],[20.9409684,52.3030026]]}},{"type":"Feature","properties":{"highway":"trunk","name":"Wybrzeże Gdyńskie","id":"way/23309525"},"geometry":{"type":"LineString","coordinates":[[20.9467964,52.3020328],[20.9470388,52.3019863],[20.9473276,52.3019245],[20.9475427,52.3018773],[20.9477662,52.3018278]]}},{"type":"Feature","properties":{"bridge":"yes","highway":"trunk","layer":"1","name":"Wybrzeże Gdyńskie","id":"way/23309526"},"geometry":{"type":"LineString","coordinates":[[20.9410036,52.3030902],[20.9405443,52.3031602]]}},{"type":"Feature","properties":{"highway":"trunk","name":"Wybrzeże Gdyńskie","id":"way/25956789"},"geometry":{"type":"LineString","coordinates":[[20.9629387,52.2963405],[20.9631713,52.2962195],[20.9632722,52.2961711],[20.9633591,52.2961294],[20.9636272,52.2959992],[20.963866,52.2958897],[20.9642472,52.2957151],[20.964317,52.2956831],[20.9648736,52.2954406],[20.9655121,52.2951741],[20.9664522,52.2947889],[20.9678729,52.2942071],[20.9689268,52.293777],[20.9695946,52.2935048],[20.9702223,52.2932455],[20.9710362,52.292911],[20.9717069,52.2926325],[20.9722495,52.2924125]]}},{"type":"Feature","properties":{"highway":"trunk","name":"Wybrzeże Gdyńskie","id":"way/26020081"},"geometry":{"type":"LineString","coordinates":[[20.9844858,52.2869662],[20.9835298,52.2875282],[20.98302,52.287829],[20.9824818,52.2881369],[20.9818539,52.2884794],[20.9814745,52.2886772],[20.9810987,52.2888645],[20.9806227,52.2890888],[20.9802229,52.2892696],[20.9797687,52.2894689]]}},{"type":"Feature","properties":{"highway":"trunk","name":"Wybrzeże Gdyńskie","id":"way/26020082"},"geometry":{"type":"LineString","coordinates":[[20.9842281,52.2869459],[20.9852326,52.2863524]]}},{"type":"Feature","properties":{"highway":"trunk","layer":"1","name":"Wybrzeże Gdyńskie","id":"way/29919950"},"geometry":{"type":"LineString","coordinates":[[20.9532973,52.3005976],[20.9515903,52.3010322],[20.9508184,52.3012093],[20.9499288,52.301434],[20.9495107,52.3015503]]}},{"type":"Feature","properties":{"highway":"trunk","name":"Wybrzeże Gdyńskie","id":"way/29920360"},"geometry":{"type":"LineString","coordinates":[[20.9664623,52.2949399],[20.9657878,52.295218],[20.9650727,52.2955176],[20.9645481,52.2957494],[20.964329,52.2958499],[20.964146,52.2959339],[20.9638647,52.2960698],[20.9634561,52.2962775],[20.9634161,52.2962984],[20.9631063,52.2964604]]}},{"type":"Feature","properties":{"bridge":"yes","highway":"trunk","layer":"1","name":"Wybrzeże Gdyńskie","id":"way/29920362"},"geometry":{"type":"LineString","coordinates":[[20.9756384,52.2910188],[20.9761571,52.2908042]]}},{"type":"Feature","properties":{"highway":"trunk","name":"Wybrzeże Gdyńskie","id":"way/29920364"},"geometry":{"type":"LineString","coordinates":[[20.9796868,52.2893507],[20.9802665,52.2890936],[20.9808422,52.2888265],[20.9810722,52.2887106],[20.9814192,52.2885359],[20.9818351,52.2883156],[20.9823483,52.288032]]}},{"type":"Feature","properties":{"bridge":"yes","highway":"trunk","layer":"1","name":"Wybrzeże Gdyńskie","id":"way/29920365"},"geometry":{"type":"LineString","coordinates":[[20.9762759,52.2909107],[20.9757569,52.2911259]]}},{"type":"Feature","properties":{"highway":"secondary","name":"Jana Kasprowicza","id":"way/30285301"},"geometry":{"type":"LineString","coordinates":[[20.9301278,52.2904052],[20.9302222,52.2903682],[20.9302582,52.290353],[20.9303746,52.290304],[20.9305784,52.2902097]]}},{"type":"Feature","properties":{"highway":"secondary","name":"Aleja Generał Marii Wittek","id":"way/30324157"},"geometry":{"type":"LineString","coordinates":[[20.9303623,52.2907435],[20.930427,52.290866],[20.930744,52.2914603]]}},{"type":"Feature","properties":{"highway":"secondary","name":"Aleja Generał Marii Wittek","id":"way/30482778"},"geometry":{"type":"LineString","coordinates":[[20.93053,52.2919654],[20.9305048,52.2919259],[20.9300163,52.2912107],[20.9299837,52.291163],[20.9299551,52.2911229],[20.9299373,52.2910981],[20.9297668,52.2908594]]}},{"type":"Feature","properties":{"bridge":"yes","highway":"tertiary","layer":"1","name":"Adama Mickiewicza","id":"way/30632180"},"geometry":{"type":"LineString","coordinates":[[20.977706,52.2787901],[20.9771052,52.2789831],[20.976863,52.2790457],[20.9767803,52.2790685]]}},{"type":"Feature","properties":{"highway":"trunk","name":"Pułkowa","id":"way/30675196"},"geometry":{"type":"LineString","coordinates":[[20.9336965,52.3056632],[20.933351,52.3058493],[20.9332135,52.3059234]]}},{"type":"Feature","properties":{"bridge":"yes","highway":"trunk","layer":"1","name":"Wybrzeże Gdyńskie","id":"way/30808376"},"geometry":{"type":"LineString","coordinates":[[20.9631063,52.2964604],[20.9621181,52.2969901],[20.9616169,52.2972685],[20.9610976,52.297555],[20.9603092,52.2979901],[20.959521,52.2984227],[20.9591356,52.298634],[20.9589182,52.2987531],[20.9586064,52.298919],[20.9581868,52.2991248],[20.9578262,52.2992831],[20.9574567,52.2994322],[20.9570159,52.2995937],[20.9566748,52.2997053],[20.9562678,52.2998275],[20.9559359,52.2999203],[20.9554328,52.300052],[20.9542847,52.3003447],[20.9532973,52.3005976]]}},{"type":"Feature","properties":{"bridge":"yes","highway":"trunk","layer":"1","name":"Wybrzeże Gdyńskie","id":"way/30808377"},"geometry":{"type":"LineString","coordinates":[[20.9532,52.3004538],[20.9541608,52.3002072],[20.9553395,52.2999068],[20.9559398,52.2997511],[20.9562774,52.2996543],[20.9565397,52.2995762],[20.9568662,52.2994687],[20.9571593,52.2993638],[20.9574641,52.2992452],[20.9577699,52.2991179],[20.9580785,52.2989773],[20.9583818,52.2988297],[20.9587743,52.2986237],[20.9590155,52.2984907],[20.959569,52.2981871],[20.9617311,52.2969943],[20.9629387,52.2963405]]}},{"type":"Feature","properties":{"highway":"secondary","name":"Płochocińska","id":"way/35874215"},"geometry":{"type":"LineString","coordinates":[[20.9829504,52.3080253],[20.983116,52.3079657],[20.9831249,52.307963],[20.9832272,52.3079318],[20.983312,52.3079095],[20.9833767,52.3079003]]}},{"type":"Feature","properties":{"highway":"secondary","name":"Płochocińska","id":"way/35933703"},"geometry":{"type":"LineString","coordinates":[[20.9842976,52.3075735],[20.9841244,52.3078011],[20.9840714,52.3078769],[20.9840645,52.3079567],[20.9841017,52.3080388],[20.9841826,52.3081152],[20.9843091,52.3081922]]}},{"type":"Feature","properties":{"highway":"primary","name":"Modlińska","id":"way/38292062"},"geometry":{"type":"LineString","coordinates":[[20.984354,52.3071636],[20.9850504,52.3066216],[20.985967,52.3058423]]}},{"type":"Feature","properties":{"bridge":"yes","highway":"primary","layer":"1","name":"Modlińska","id":"way/38300871"},"geometry":{"type":"LineString","coordinates":[[20.9822274,52.3087901],[20.9835089,52.307825],[20.984354,52.3071636]]}},{"type":"Feature","properties":{"bridge":"yes","highway":"primary","layer":"1","name":"Modlińska","id":"way/38300889"},"geometry":{"type":"LineString","coordinates":[[20.9845076,52.3072302],[20.9836567,52.3078976],[20.9823718,52.3088655]]}},{"type":"Feature","properties":{"highway":"trunk_link","layer":"-1","name":"Pułkowa","tunnel":"yes","id":"way/47046593"},"geometry":{"type":"LineString","coordinates":[[20.9379223,52.3033685],[20.9376922,52.3036468],[20.9373044,52.3039609]]}},{"type":"Feature","properties":{"waterway":"canal","id":"way/47193463"},"geometry":{"type":"LineString","coordinates":[[20.9773485,52.2890142],[20.977737,52.2885211],[20.9778171,52.2883629],[20.9778509,52.2880208],[20.9779746,52.2876889],[20.978532,52.2872744],[20.9788849,52.2868319],[20.9791466,52.2863385],[20.9796494,52.2851732],[20.9801078,52.2844426],[20.9804324,52.2840093],[20.9810261,52.283426],[20.9813343,52.2832158],[20.9816707,52.2830481],[20.9820973,52.2829009],[20.9824472,52.2828109],[20.9833222,52.2826851],[20.9839779,52.282647],[20.9841812,52.2825782],[20.9846821,52.2822728],[20.9853804,52.2820235],[20.9857238,52.2818033],[20.9869041,52.2811626],[20.9874291,52.2809283],[20.9879803,52.28075],[20.9884854,52.2804864],[20.9887489,52.2802771],[20.9890813,52.2800404],[20.9892734,52.2797462],[20.9899041,52.2782634],[20.9906958,52.2770446],[20.9912225,52.276301],[20.9916231,52.2758605],[20.9921043,52.2755191],[20.9924581,52.2753412],[20.993633,52.275013],[20.9938629,52.2748176],[20.9944055,52.2741155],[20.9947921,52.273847]]}},{"type":"Feature","properties":{"highway":"trunk","name":"Pułkowa","id":"way/85065955"},"geometry":{"type":"LineString","coordinates":[[20.9260922,52.3097096],[20.9262317,52.3095961],[20.9263922,52.3094726],[20.9265033,52.3093905],[20.9266153,52.3093114],[20.926818,52.3091788],[20.9268803,52.3091388],[20.927114,52.3089963]]}},{"type":"Feature","properties":{"bridge":"yes","highway":"motorway_link","layer":"1","name":"Aleja Armii Krajowej","id":"way/90158059"},"geometry":{"type":"LineString","coordinates":[[20.9861763,52.2829987],[20.9866638,52.2832235]]}},{"type":"Feature","properties":{"bridge":"yes","highway":"tertiary","layer":"1","name":"Adama Mickiewicza","id":"way/90158089"},"geometry":{"type":"LineString","coordinates":[[20.9766258,52.2789798],[20.9771121,52.2788392],[20.9775652,52.2787067]]}},{"type":"Feature","properties":{"bridge":"yes","highway":"motorway_link","layer":"1","name":"Aleja Armii Krajowej","id":"way/90158100"},"geometry":{"type":"LineString","coordinates":[[20.9848601,52.2826943],[20.9832326,52.2819665]]}},{"type":"Feature","properties":{"bridge":"yes","highway":"motorway_link","layer":"1","id":"way/90158137"},"geometry":{"type":"LineString","coordinates":[[20.9862544,52.2829129],[20.9864201,52.2829429],[20.9865449,52.2829603],[20.9866791,52.2829718]]}},{"type":"Feature","properties":{"bridge":"yes","highway":"motorway_link","layer":"1","name":"Aleja Armii Krajowej","id":"way/90158161"},"geometry":{"type":"LineString","coordinates":[[20.9864231,52.2834132],[20.9859331,52.2831888]]}},{"type":"Feature","properties":{"bridge":"yes","highway":"footway","layer":"1","id":"way/91682920"},"geometry":{"type":"LineString","coordinates":[[20.9804389,52.2808556],[20.9809514,52.2804704]]}},{"type":"Feature","properties":{"highway":"secondary","name":"Aleja Władysława Reymonta","id":"way/100081419"},"geometry":{"type":"LineString","coordinates":[[20.9389976,52.2779753],[20.9389128,52.2777441],[20.9389003,52.2777098],[20.9387976,52.277362],[20.9387794,52.2773015],[20.9386679,52.2769192]]}},{"type":"Feature","properties":{"bridge":"yes","highway":"cycleway","layer":"2","id":"way/104016300"},"geometry":{"type":"LineString","coordinates":[[20.9467885,52.3018972],[20.9469767,52.3022764]]}},{"type":"Feature","properties":{"highway":"cycleway","layer":"-1","tunnel":"yes","id":"way/104031636"},"geometry":{"type":"LineString","coordinates":[[20.9386213,52.303591],[20.9384322,52.3032593]]}},{"type":"Feature","properties":{"highway":"secondary","name":"Wólczyńska","id":"way/104176758"},"geometry":{"type":"LineString","coordinates":[[20.9281856,52.2801063],[20.9283328,52.2800728],[20.9283975,52.2800565],[20.928624,52.2799837],[20.9287759,52.2799343],[20.9288683,52.2798991],[20.9290965,52.2798066],[20.9292203,52.2797598],[20.930139,52.279427],[20.93053,52.2792858]]}},{"type":"Feature","properties":{"highway":"secondary","name":"Jana Kasprowicza","id":"way/104176784"},"geometry":{"type":"LineString","coordinates":[[20.9381766,52.2867392],[20.9383483,52.2866519],[20.9389277,52.2863885],[20.939547,52.2861074]]}},{"type":"Feature","properties":{"highway":"secondary","name":"Wólczyńska","id":"way/104176803"},"geometry":{"type":"LineString","coordinates":[[20.93053,52.2792858],[20.9311215,52.2790833],[20.9313813,52.2790039],[20.9316216,52.2789374]]}},{"type":"Feature","properties":{"highway":"secondary","name":"Stefana Żeromskiego","id":"way/122227374"},"geometry":{"type":"LineString","coordinates":[[20.93944,52.2779019],[20.939494,52.2778964],[20.9395595,52.2778895],[20.9395664,52.2778888],[20.9402318,52.2778191]]}},{"type":"Feature","properties":{"bridge":"yes","highway":"primary","layer":"1","name":"Most Marii Skłodowskiej-Curie","id":"way/125221675"},"geometry":{"type":"LineString","coordinates":[[20.9479557,52.3049252],[20.9490907,52.3054834]]}},{"type":"Feature","properties":{"highway":"primary","name":"Aleja Pułkownika Ryszarda Kuklińskiego","id":"way/125221679"},"geometry":{"type":"LineString","coordinates":[[20.9571951,52.3093757],[20.9582084,52.3098499],[20.9588888,52.3101312]]}},{"type":"Feature","properties":{"highway":"primary","name":"Aleja Generał Marii Wittek","id":"way/125221685"},"geometry":{"type":"LineString","coordinates":[[20.9478227,52.3050286],[20.9466292,52.3044409],[20.9462319,52.3042453]]}},{"type":"Feature","properties":{"bridge":"yes","layer":"1","railway":"tram","id":"way/125221707"},"geometry":{"type":"LineString","coordinates":[[20.9565025,52.3094071],[20.952415,52.3074357],[20.9483545,52.3054777]]}},{"type":"Feature","properties":{"bridge":"yes","highway":"secondary","layer":"1","name":"Aleja Generał Marii Wittek","id":"way/125241612"},"geometry":{"type":"LineString","coordinates":[[20.9402365,52.3013907],[20.9387655,52.3006898]]}},{"type":"Feature","properties":{"bridge":"yes","highway":"secondary","layer":"1","name":"Aleja Generał Marii Wittek","id":"way/125241613"},"geometry":{"type":"LineString","coordinates":[[20.9355718,52.2989651],[20.9353924,52.2988372]]}},{"type":"Feature","properties":{"bridge":"yes","highway":"secondary","layer":"1","name":"Aleja Generał Marii Wittek","id":"way/125241614"},"geometry":{"type":"LineString","coordinates":[[20.9388472,52.300602],[20.9403344,52.3013068]]}},{"type":"Feature","properties":{"bridge":"yes","highway":"secondary","layer":"1","name":"Aleja Generał Marii Wittek","id":"way/125241615"},"geometry":{"type":"LineString","coordinates":[[20.935522,52.2987621],[20.9356949,52.2988872]]}},{"type":"Feature","properties":{"highway":"secondary","name":"Aleja Generał Marii Wittek","id":"way/125241616"},"geometry":{"type":"LineString","coordinates":[[20.9356949,52.2988872],[20.936192,52.299205],[20.9367702,52.2995374],[20.9373605,52.2998601],[20.9388472,52.300602]]}},{"type":"Feature","properties":{"highway":"secondary","name":"Aleja Generał Marii Wittek","id":"way/125241617"},"geometry":{"type":"LineString","coordinates":[[20.9387655,52.3006898],[20.9372596,52.2999381]]}},{"type":"Feature","properties":{"highway":"secondary","name":"Aleja Generał Marii Wittek","id":"way/125241619"},"geometry":{"type":"LineString","coordinates":[[20.9326433,52.2954617],[20.9321795,52.2948548],[20.9319164,52.2944561],[20.9313463,52.2935088],[20.9311254,52.2930773]]}},{"type":"Feature","properties":{"highway":"secondary","name":"Aleja Generał Marii Wittek","id":"way/125241620"},"geometry":{"type":"LineString","coordinates":[[20.9353924,52.2988372],[20.9351742,52.2986878],[20.9351211,52.2986529],[20.934817,52.2984526]]}},{"type":"Feature","properties":{"highway":"secondary","name":"Aleja Generał Marii Wittek","id":"way/125241621"},"geometry":{"type":"LineString","coordinates":[[20.9335036,52.2962228],[20.9336967,52.2965412],[20.9341362,52.2972194]]}},{"type":"Feature","properties":{"highway":"trunk","layer":"1","name":"Wybrzeże Gdyńskie","id":"way/125241622"},"geometry":{"type":"LineString","coordinates":[[20.9515815,52.3008668],[20.9519829,52.3007635],[20.9532,52.3004538]]}},{"type":"Feature","properties":{"highway":"trunk","name":"Wybrzeże Gdyńskie","id":"way/125241623"},"geometry":{"type":"LineString","coordinates":[[20.9386332,52.3034631],[20.9384455,52.3035029],[20.938262,52.3035446],[20.9380403,52.3036003],[20.9377943,52.3036664],[20.9376107,52.3037208],[20.9374912,52.3037602],[20.9373641,52.303803],[20.9372607,52.3038386],[20.9371549,52.3038764]]}},{"type":"Feature","properties":{"highway":"trunk","name":"Wybrzeże Gdyńskie","id":"way/125241624"},"geometry":{"type":"LineString","coordinates":[[20.9495107,52.3015503],[20.9489733,52.301702],[20.9485229,52.3018104],[20.9479951,52.3019362],[20.9474984,52.3020438],[20.9470471,52.3021368],[20.9465867,52.302225]]}},{"type":"Feature","properties":{"bridge":"yes","highway":"trunk_link","layer":"1","name":"Marymoncka","id":"way/125241628"},"geometry":{"type":"LineString","coordinates":[[20.9395269,52.3014861],[20.9393108,52.3016596]]}},{"type":"Feature","properties":{"highway":"secondary","name":"Marymoncka","id":"way/125241635"},"geometry":{"type":"LineString","coordinates":[[20.9423554,52.2981688],[20.9418723,52.298686],[20.9415159,52.2990329],[20.9412056,52.2993865],[20.9408672,52.2997344],[20.9406158,52.3000235],[20.9405431,52.300119]]}},{"type":"Feature","properties":{"highway":"trunk","name":"Wybrzeże Gdyńskie","id":"way/125241643"},"geometry":{"type":"LineString","coordinates":[[20.9377813,52.3035371],[20.937925,52.3035],[20.9380533,52.3034669],[20.9381686,52.3034379],[20.938269,52.303415],[20.938373,52.3033924],[20.938556,52.3033576],[20.9387224,52.3033292],[20.9388739,52.3033054],[20.9392762,52.3032473],[20.9405063,52.303071]]}},{"type":"Feature","properties":{"highway":"secondary","name":"Marymoncka","id":"way/125520751"},"geometry":{"type":"LineString","coordinates":[[20.9405297,52.2997736],[20.940965,52.2993093],[20.9416675,52.2985764],[20.9418913,52.2983322],[20.9421226,52.2980966],[20.942488,52.2977115],[20.9425319,52.2976674],[20.9448932,52.2951665],[20.9450269,52.2950203]]}},{"type":"Feature","properties":{"highway":"secondary","name":"Jana Kasprowicza","id":"way/130800056"},"geometry":{"type":"LineString","coordinates":[[20.9346387,52.2887709],[20.9342162,52.2889951],[20.9341602,52.2890248],[20.9341172,52.2890448],[20.9339396,52.2891211]]}},{"type":"Feature","properties":{"layer":"-1","name":"Potok Bielański","tunnel":"culvert","waterway":"stream","id":"way/132027633"},"geometry":{"type":"LineString","coordinates":[[20.9505488,52.2890085],[20.9512783,52.2892896]]}},{"type":"Feature","properties":{"layer":"-1","name":"Potok Bielański","tunnel":"yes","waterway":"stream","id":"way/132027634"},"geometry":{"type":"LineString","coordinates":[[20.9353291,52.2810893],[20.9354608,52.2811503],[20.9355506,52.2811618],[20.9359746,52.2811554],[20.9422997,52.2867904]]}},{"type":"Feature","properties":{"bridge":"yes","layer":"1","railway":"tram","id":"way/132763412"},"geometry":{"type":"LineString","coordinates":[[20.9483899,52.30545],[20.9524489,52.3074079],[20.9565363,52.3093788]]}},{"type":"Feature","properties":{"layer":"-1","railway":"tram","tunnel":"yes","id":"way/132763417"},"geometry":{"type":"LineString","coordinates":[[20.9404593,52.3017867],[20.9404478,52.3016695],[20.9404559,52.301576],[20.9404642,52.3015232],[20.9404742,52.3014596]]}},{"type":"Feature","properties":{"layer":"-1","railway":"tram","tunnel":"yes","id":"way/132763421"},"geometry":{"type":"LineString","coordinates":[[20.9405344,52.3014713],[20.9404642,52.3015232],[20.9404091,52.3015639],[20.9402842,52.3016136],[20.9401495,52.3016389]]}},{"type":"Feature","properties":{"layer":"-1","railway":"tram","tunnel":"yes","id":"way/132763427"},"geometry":{"type":"LineString","coordinates":[[20.9404742,52.3014596],[20.9406194,52.3010661]]}},{"type":"Feature","properties":{"highway":"secondary","name":"Wólczyńska","id":"way/137323397"},"geometry":{"type":"LineString","coordinates":[[20.9241924,52.2811848],[20.9245301,52.2810975],[20.9245746,52.2810861],[20.9246305,52.2810716],[20.9249496,52.2809925],[20.9253658,52.2808941],[20.9258013,52.2807748],[20.9276724,52.2802494],[20.9279982,52.2801548],[20.9280666,52.2801353],[20.9281219,52.280121],[20.9281856,52.2801063]]}},{"type":"Feature","properties":{"highway":"secondary","name":"Jana Kasprowicza","id":"way/137323399"},"geometry":{"type":"LineString","coordinates":[[20.931271,52.2903313],[20.9309925,52.2904582],[20.9307113,52.2905869],[20.9305807,52.2906458],[20.9305131,52.2906762],[20.9304816,52.2906905],[20.9303623,52.2907435]]}},{"type":"Feature","properties":{"highway":"secondary","name":"Jana Kasprowicza","id":"way/137323400"},"geometry":{"type":"LineString","coordinates":[[20.9330985,52.2890692],[20.9333445,52.2889531],[20.9333986,52.2889276],[20.9334444,52.288906],[20.9335222,52.2888693]]}},{"type":"Feature","properties":{"highway":"secondary","name":"Rondo Grafen","id":"way/137323402"},"geometry":{"type":"LineString","coordinates":[[20.9301278,52.2904052],[20.9303623,52.2907435]]}},{"type":"Feature","properties":{"highway":"secondary","name":"Jana Kasprowicza","id":"way/137323404"},"geometry":{"type":"LineString","coordinates":[[20.9335222,52.2888693],[20.9336194,52.2888215]]}},{"type":"Feature","properties":{"highway":"secondary","name":"Rondo Grafen","id":"way/137323407"},"geometry":{"type":"LineString","coordinates":[[20.9295735,52.2906669],[20.9296603,52.2906022],[20.9298137,52.2905305],[20.9298329,52.2905216],[20.9298616,52.2905102],[20.9301278,52.2904052]]}},{"type":"Feature","properties":{"bridge":"yes","highway":"secondary_link","layer":"1","id":"way/141327336"},"geometry":{"type":"LineString","coordinates":[[20.9354644,52.2990299],[20.9352889,52.2989011]]}},{"type":"Feature","properties":{"layer":"-1","railway":"tram","tunnel":"yes","id":"way/141327338"},"geometry":{"type":"LineString","coordinates":[[20.9433283,52.3033751],[20.9434602,52.303429],[20.9436164,52.3034904],[20.9437456,52.3035391],[20.9438593,52.3035809],[20.9440052,52.3036312]]}},{"type":"Feature","properties":{"layer":"-1","railway":"tram","tunnel":"yes","id":"way/141327339"},"geometry":{"type":"LineString","coordinates":[[20.9439352,52.3036466],[20.9438325,52.3036115],[20.9437068,52.3035648],[20.9435726,52.3035152],[20.9434405,52.3034628],[20.943321,52.3034148]]}},{"type":"Feature","properties":{"layer":"-1","railway":"tram","tunnel":"yes","id":"way/141327341"},"geometry":{"type":"LineString","coordinates":[[20.9424555,52.3030183],[20.9414937,52.3025559]]}},{"type":"Feature","properties":{"bridge":"yes","highway":"secondary_link","layer":"1","id":"way/141327344"},"geometry":{"type":"LineString","coordinates":[[20.9356222,52.2986993],[20.9358086,52.2988176]]}},{"type":"Feature","properties":{"layer":"-1","railway":"tram","tunnel":"yes","id":"way/141327346"},"geometry":{"type":"LineString","coordinates":[[20.9416133,52.3025622],[20.9425041,52.302997]]}},{"type":"Feature","properties":{"bridge":"yes","highway":"footway","layer":"1","id":"way/142660923"},"geometry":{"type":"LineString","coordinates":[[20.9336481,52.282625],[20.9336238,52.2825492]]}},{"type":"Feature","properties":{"bridge":"yes","highway":"footway","layer":"1","id":"way/142660930"},"geometry":{"type":"LineString","coordinates":[[20.932485,52.2828464],[20.9324352,52.2827487]]}},{"type":"Feature","properties":{"highway":"primary","name":"Modlińska","id":"way/143205199"},"geometry":{"type":"LineString","coordinates":[[20.9862318,52.3059815],[20.9853,52.3066165],[20.9845076,52.3072302]]}},{"type":"Feature","properties":{"highway":"secondary","name":"Marymoncka","id":"way/146832600"},"geometry":{"type":"LineString","coordinates":[[20.9557939,52.2839165],[20.9556167,52.2841168],[20.9542405,52.2855729],[20.9541641,52.2856512],[20.954068,52.2857511],[20.9539009,52.2859307],[20.9530184,52.2868646],[20.9524986,52.2874171]]}},{"type":"Feature","properties":{"highway":"secondary","name":"Marymoncka","id":"way/146832603"},"geometry":{"type":"LineString","coordinates":[[20.9510341,52.2889673],[20.9505099,52.2895273],[20.9504666,52.2895735],[20.9504396,52.289602],[20.9502741,52.2897813]]}},{"type":"Feature","properties":{"highway":"secondary","name":"Marymoncka","id":"way/146832605"},"geometry":{"type":"LineString","coordinates":[[20.9523751,52.2875554],[20.9522102,52.2877173],[20.9521663,52.2877608],[20.9519455,52.2880011]]}},{"type":"Feature","properties":{"highway":"secondary","name":"Marymoncka","id":"way/146832607"},"geometry":{"type":"LineString","coordinates":[[20.9502741,52.2897813],[20.9501392,52.2899036],[20.9498633,52.2901614],[20.9497836,52.2902448],[20.9496037,52.290448],[20.949437,52.2906572],[20.9489163,52.2912155],[20.9478751,52.2923283],[20.9468141,52.2934474],[20.9466534,52.2936183],[20.9466099,52.2936646],[20.9465793,52.2936943]]}},{"type":"Feature","properties":{"highway":"secondary","name":"Marymoncka","id":"way/146832608"},"geometry":{"type":"LineString","coordinates":[[20.9456951,52.2943556],[20.9463519,52.2936657],[20.9463889,52.2936269],[20.9464179,52.2935965],[20.9466275,52.2933796],[20.9467613,52.2932413],[20.9476838,52.2922607],[20.9487105,52.291175],[20.9487291,52.2911525],[20.9494344,52.2904],[20.9494796,52.290357]]}},{"type":"Feature","properties":{"highway":"secondary","name":"Marymoncka","id":"way/146832609"},"geometry":{"type":"LineString","coordinates":[[20.9532144,52.2863972],[20.9539715,52.2855868]]}},{"type":"Feature","properties":{"highway":"secondary","name":"Marymoncka","id":"way/146832610"},"geometry":{"type":"LineString","coordinates":[[20.9506251,52.2891351],[20.9513861,52.2883256],[20.9514666,52.28824],[20.9519538,52.2877306],[20.9519845,52.2876986],[20.9520493,52.2876299],[20.9522013,52.2874691],[20.9523197,52.2873438],[20.952837,52.2867964],[20.9529984,52.2866257],[20.9532144,52.2863972]]}},{"type":"Feature","properties":{"highway":"secondary","name":"Marymoncka","id":"way/146832624"},"geometry":{"type":"LineString","coordinates":[[20.945263,52.2951429],[20.945141,52.2952658],[20.944892,52.2954842],[20.9447074,52.295675],[20.9445217,52.2958717]]}},{"type":"Feature","properties":{"highway":"secondary","name":"Rondo Grafen","id":"way/156976067"},"geometry":{"type":"LineString","coordinates":[[20.9297668,52.2908594],[20.9296772,52.2907688],[20.9295735,52.2906669]]}},{"type":"Feature","properties":{"highway":"secondary","name":"Aleja Generał Marii Wittek","id":"way/156976736"},"geometry":{"type":"LineString","coordinates":[[20.9403344,52.3013068],[20.942156,52.3021504],[20.9424368,52.3022865],[20.9428748,52.3025002]]}},{"type":"Feature","properties":{"highway":"secondary","name":"Aleja Generał Marii Wittek","id":"way/156976739"},"geometry":{"type":"LineString","coordinates":[[20.931074,52.2920798],[20.9311067,52.2921403]]}},{"type":"Feature","properties":{"bridge":"yes","highway":"secondary","layer":"1","name":"Aleja Generał Marii Wittek","id":"way/157029789"},"geometry":{"type":"LineString","coordinates":[[20.9433326,52.3028538],[20.9427771,52.3025882]]}},{"type":"Feature","properties":{"highway":"secondary","name":"Aleja Generał Marii Wittek","id":"way/157029791"},"geometry":{"type":"LineString","coordinates":[[20.9427771,52.3025882],[20.9402365,52.3013907]]}},{"type":"Feature","properties":{"bridge":"yes","highway":"primary","layer":"1","name":"Aleja Generał Marii Wittek","id":"way/157029792"},"geometry":{"type":"LineString","coordinates":[[20.9429976,52.3025602],[20.9435581,52.3028141]]}},{"type":"Feature","properties":{"highway":"primary","name":"Aleja Generał Marii Wittek","id":"way/157029793"},"geometry":{"type":"LineString","coordinates":[[20.9435581,52.3028141],[20.9442465,52.3031373],[20.9455694,52.3037753],[20.9457041,52.3038383]]}},{"type":"Feature","properties":{"bridge":"yes","highway":"cycleway","layer":"1","id":"way/157029799"},"geometry":{"type":"LineString","coordinates":[[20.9396673,52.3015232],[20.9396492,52.3015387],[20.9394296,52.3017259]]}},{"type":"Feature","properties":{"highway":"cycleway","layer":"-1","tunnel":"yes","id":"way/157281663"},"geometry":{"type":"LineString","coordinates":[[20.9461118,52.3038105],[20.9451383,52.3040487]]}},{"type":"Feature","properties":{"highway":"service","layer":"-1","name":"Farysa","tunnel":"yes","id":"way/157281669"},"geometry":{"type":"LineString","coordinates":[[20.9460618,52.3037786],[20.9450549,52.3040224]]}},{"type":"Feature","properties":{"bridge":"yes","highway":"trunk_link","layer":"1","id":"way/157281671"},"geometry":{"type":"LineString","coordinates":[[20.940901,52.3035451],[20.9406558,52.3034494]]}},{"type":"Feature","properties":{"layer":"-1","railway":"tram","tunnel":"yes","id":"way/157397686"},"geometry":{"type":"LineString","coordinates":[[20.9405344,52.3014713],[20.9405219,52.3015709],[20.9405184,52.3016612],[20.9405294,52.3018066]]}},{"type":"Feature","properties":{"layer":"-1","railway":"tram","tunnel":"yes","id":"way/157397687"},"geometry":{"type":"LineString","coordinates":[[20.9406668,52.3010952],[20.9405344,52.3014713]]}},{"type":"Feature","properties":{"layer":"-1","railway":"tram","tunnel":"yes","id":"way/157397690"},"geometry":{"type":"LineString","coordinates":[[20.9400929,52.3016138],[20.9402545,52.3015819],[20.9403697,52.3015353],[20.9404742,52.3014596]]}},{"type":"Feature","properties":{"highway":"secondary","name":"Aleja Generał Marii Wittek","id":"way/157689837"},"geometry":{"type":"LineString","coordinates":[[20.9333015,52.296383],[20.9330768,52.2960457],[20.9328009,52.2956837],[20.9326433,52.2954617]]}},{"type":"Feature","properties":{"highway":"secondary","name":"Aleja Generał Marii Wittek","id":"way/157689838"},"geometry":{"type":"LineString","coordinates":[[20.9348729,52.2981711],[20.9351319,52.2984301],[20.9353132,52.2985921],[20.935522,52.2987621]]}},{"type":"Feature","properties":{"highway":"secondary","name":"Aleja Generał Marii Wittek","id":"way/157689842"},"geometry":{"type":"LineString","coordinates":[[20.9462319,52.3042453],[20.9461598,52.3042076],[20.9460609,52.304159],[20.9454664,52.3038732],[20.9447946,52.3035561],[20.9433326,52.3028538]]}},{"type":"Feature","properties":{"bridge":"yes","highway":"footway","layer":"1","id":"way/157828186"},"geometry":{"type":"LineString","coordinates":[[20.9275981,52.2906904],[20.9275624,52.2907054],[20.9275862,52.290724],[20.9279474,52.2910178],[20.9279671,52.2910339],[20.9279792,52.2910438],[20.9279879,52.2910509],[20.9280002,52.291061],[20.9280129,52.2910715],[20.9284341,52.291417],[20.9284545,52.2914336],[20.9284618,52.2914397],[20.928479,52.2914538],[20.9284916,52.2914641],[20.9288255,52.2917369],[20.9287857,52.2917568],[20.9287599,52.2917687],[20.9287189,52.2917888],[20.9283835,52.2915132],[20.9283706,52.2915025],[20.9283254,52.2914651],[20.9279076,52.2911187],[20.9278952,52.2911084],[20.9278452,52.291067]]}},{"type":"Feature","properties":{"highway":"secondary","name":"Aleja Generał Marii Wittek","id":"way/157886655"},"geometry":{"type":"LineString","coordinates":[[20.9311067,52.2921403],[20.9311423,52.2922028],[20.931159,52.2922321],[20.931396,52.2926475],[20.9318838,52.2933569],[20.9323386,52.2940277],[20.9327145,52.2947268],[20.9328458,52.2949808],[20.9330185,52.2953231],[20.933037,52.2953675],[20.9330573,52.2954345],[20.9330745,52.2955022],[20.9330868,52.2955511],[20.9330954,52.2955842]]}},{"type":"Feature","properties":{"highway":"secondary","name":"Jana Kasprowicza","id":"way/158009092"},"geometry":{"type":"LineString","coordinates":[[20.9362974,52.2876068],[20.9364384,52.2875408],[20.9370702,52.2872488],[20.9372736,52.2871551]]}},{"type":"Feature","properties":{"highway":"footway","tunnel":"building_passage","id":"way/160380492"},"geometry":{"type":"LineString","coordinates":[[20.9273291,52.2901897],[20.9277028,52.2905016]]}},{"type":"Feature","properties":{"highway":"secondary","name":"Marymoncka","id":"way/166478450"},"geometry":{"type":"LineString","coordinates":[[20.9394062,52.3006429],[20.9395087,52.3005422],[20.93955,52.3005124],[20.9395934,52.3004812],[20.939686,52.3004145],[20.9398674,52.3002922],[20.9401308,52.3001126],[20.9405297,52.2997736]]}},{"type":"Feature","properties":{"highway":"secondary","name":"Marymoncka","id":"way/166478451"},"geometry":{"type":"LineString","coordinates":[[20.9400743,52.3009186],[20.9400157,52.3009937],[20.9399324,52.3010988],[20.9397989,52.3012357],[20.9397654,52.301265],[20.9396587,52.3013583]]}},{"type":"Feature","properties":{"bridge":"yes","highway":"secondary_link","layer":"1","id":"way/169172246"},"geometry":{"type":"LineString","coordinates":[[20.9431306,52.302882],[20.9425819,52.3026256]]}},{"type":"Feature","properties":{"highway":"secondary","name":"Aleja Władysława Reymonta","id":"way/169658906"},"geometry":{"type":"LineString","coordinates":[[20.9407251,52.2855624],[20.9407129,52.285444],[20.9407071,52.2854005],[20.940695,52.2852366],[20.9406782,52.2851272],[20.9406545,52.2849667]]}},{"type":"Feature","properties":{"highway":"secondary","name":"Aleja Władysława Reymonta","id":"way/169658916"},"geometry":{"type":"LineString","coordinates":[[20.9394737,52.2787432],[20.9397699,52.2797732]]}},{"type":"Feature","properties":{"highway":"secondary","name":"Płochocińska","id":"way/169971021"},"geometry":{"type":"LineString","coordinates":[[20.984718,52.3084872],[20.9846842,52.3084836],[20.9846513,52.3084808],[20.9846144,52.308477],[20.9845305,52.3084688],[20.9844699,52.3084592],[20.9843202,52.3084236],[20.9841329,52.308382],[20.9837253,52.3082914],[20.9836159,52.3082726],[20.983496,52.3082802],[20.9833717,52.3083264]]}},{"type":"Feature","properties":{"highway":"primary","name":"Modlińska","id":"way/172897634"},"geometry":{"type":"LineString","coordinates":[[20.9823718,52.3088655],[20.9811327,52.3098238],[20.9804427,52.3103988]]}},{"type":"Feature","properties":{"highway":"secondary","name":"Jana Kasprowicza","id":"way/173026677"},"geometry":{"type":"LineString","coordinates":[[20.9305784,52.2902097],[20.9310685,52.2899819],[20.9312116,52.2899193]]}},{"type":"Feature","properties":{"highway":"secondary","name":"Rondo Grafen","id":"way/173026679"},"geometry":{"type":"LineString","coordinates":[[20.9303623,52.2907435],[20.9301675,52.2908311],[20.9301085,52.2908576],[20.9300827,52.2908683],[20.9300576,52.2908772],[20.9300359,52.290883],[20.930006,52.2908882],[20.9299357,52.2908955],[20.9298839,52.2908931],[20.929821,52.2908807],[20.9297668,52.2908594]]}},{"type":"Feature","properties":{"highway":"trunk","name":"Pułkowa","id":"way/173140361"},"geometry":{"type":"LineString","coordinates":[[20.934199,52.3053686],[20.9336965,52.3056632]]}},{"type":"Feature","properties":{"highway":"trunk","name":"Wybrzeże Gdyńskie","id":"way/173140365"},"geometry":{"type":"LineString","coordinates":[[20.9360044,52.3041903],[20.9363123,52.304045],[20.9364486,52.3039865],[20.9366605,52.3038997],[20.9368299,52.303837],[20.9369648,52.3037878],[20.9371216,52.3037333],[20.9373077,52.3036729],[20.9374865,52.3036192],[20.9376712,52.3035671],[20.9377813,52.3035371]]}},{"type":"Feature","properties":{"highway":"secondary","name":"Płochocińska","id":"way/173169647"},"geometry":{"type":"LineString","coordinates":[[20.9833767,52.3079003],[20.983361,52.3078511],[20.9833586,52.3077998],[20.9834254,52.3076822]]}},{"type":"Feature","properties":{"highway":"secondary","name":"Płochocińska","id":"way/173169648"},"geometry":{"type":"LineString","coordinates":[[20.9833767,52.3079003],[20.9834585,52.307903],[20.9835287,52.3079134],[20.9835724,52.3079224],[20.9836914,52.3079691],[20.9837655,52.3079944]]}},{"type":"Feature","properties":{"highway":"secondary","name":"Marymoncka","id":"way/173172827"},"geometry":{"type":"LineString","coordinates":[[20.9453027,52.2947423],[20.9455556,52.2944932],[20.9456951,52.2943556]]}},{"type":"Feature","properties":{"bridge":"yes","highway":"footway","layer":"1","id":"way/173491725"},"geometry":{"type":"LineString","coordinates":[[20.9327791,52.2811027],[20.9327498,52.2810636]]}},{"type":"Feature","properties":{"highway":"secondary","name":"Wólczyńska","id":"way/173831989"},"geometry":{"type":"LineString","coordinates":[[20.9228215,52.2815111],[20.9228254,52.2815101],[20.9238333,52.281268],[20.9239337,52.2812447],[20.9239964,52.2812302],[20.9241924,52.2811848]]}},{"type":"Feature","properties":{"highway":"primary","name":"Aleja Generał Marii Wittek","id":"way/173870811"},"geometry":{"type":"LineString","coordinates":[[20.946221,52.3040883],[20.9462608,52.3041073],[20.9467667,52.3043496],[20.9471437,52.3045302],[20.9472271,52.3045685],[20.9479557,52.3049252]]}},{"type":"Feature","properties":{"highway":"trunk","name":"Wybrzeże Gdyńskie","id":"way/173870819"},"geometry":{"type":"LineString","coordinates":[[20.9465867,52.302225],[20.9459938,52.3023305],[20.9455602,52.3024031],[20.9443846,52.302583],[20.9429169,52.3027996]]}},{"type":"Feature","properties":{"highway":"trunk","name":"Wybrzeże Gdyńskie","id":"way/173870823"},"geometry":{"type":"LineString","coordinates":[[20.9858076,52.2861628],[20.9844858,52.2869662]]}},{"type":"Feature","properties":{"highway":"primary","name":"Modlińska","id":"way/177233390"},"geometry":{"type":"LineString","coordinates":[[20.980419,52.310121],[20.981135,52.30962],[20.9822274,52.3087901]]}},{"type":"Feature","properties":{"highway":"primary","name":"Modlińska","id":"way/177395109"},"geometry":{"type":"LineString","coordinates":[[20.985967,52.3058423],[20.9873432,52.3047921]]}},{"type":"Feature","properties":{"highway":"secondary","name":"Modlińska","id":"way/178407389"},"geometry":{"type":"LineString","coordinates":[[20.9834254,52.3076822],[20.9838976,52.307327],[20.9841794,52.3071157],[20.9849302,52.3065544]]}},{"type":"Feature","properties":{"highway":"secondary","name":"Modlińska","id":"way/178407390"},"geometry":{"type":"LineString","coordinates":[[20.9842976,52.3075735],[20.9837655,52.3079944]]}},{"type":"Feature","properties":{"highway":"motorway","name":"Aleja Armii Krajowej","id":"way/178457350"},"geometry":{"type":"LineString","coordinates":[[20.9787262,52.2795708],[20.9821565,52.2812003]]}},{"type":"Feature","properties":{"highway":"motorway","name":"Aleja Armii Krajowej","id":"way/178457351"},"geometry":{"type":"LineString","coordinates":[[20.9806969,52.2807089],[20.9773172,52.2790618]]}},{"type":"Feature","properties":{"highway":"motorway","name":"Aleja Armii Krajowej","id":"way/178457352"},"geometry":{"type":"LineString","coordinates":[[20.9754248,52.2781185],[20.9749789,52.2778969],[20.9749594,52.2778867],[20.9746551,52.2777245],[20.9737594,52.2772468]]}},{"type":"Feature","properties":{"highway":"motorway","name":"Aleja Armii Krajowej","id":"way/178457353"},"geometry":{"type":"LineString","coordinates":[[20.9756618,52.2780314],[20.9768568,52.2786431],[20.978483,52.2794524],[20.9787262,52.2795708]]}},{"type":"Feature","properties":{"highway":"primary","name":"Aleja Pułkownika Ryszarda Kuklińskiego","id":"way/179246022"},"geometry":{"type":"LineString","coordinates":[[20.9603503,52.3108614],[20.9596164,52.3105708],[20.9588054,52.3102545],[20.9580946,52.3099576],[20.9573929,52.3096391],[20.9570586,52.3094825]]}},{"type":"Feature","properties":{"highway":"secondary","name":"Modlińska","id":"way/180572927"},"geometry":{"type":"LineString","coordinates":[[20.9837655,52.3079944],[20.9837014,52.3080568],[20.983673,52.3080845]]}},{"type":"Feature","properties":{"highway":"secondary","name":"Modlińska","id":"way/180572928"},"geometry":{"type":"LineString","coordinates":[[20.983673,52.3080845],[20.9835917,52.3081533],[20.9834813,52.3082401],[20.9833717,52.3083264]]}},{"type":"Feature","properties":{"highway":"secondary","name":"Płochocińska","id":"way/180572929"},"geometry":{"type":"LineString","coordinates":[[20.983673,52.3080845],[20.9834676,52.3079926],[20.9834403,52.3079773],[20.9834079,52.307947],[20.9833767,52.3079003]]}},{"type":"Feature","properties":{"highway":"secondary","name":"Płochocińska","id":"way/180572930"},"geometry":{"type":"LineString","coordinates":[[20.9837655,52.3079944],[20.9839525,52.3080641],[20.9841521,52.3081358],[20.9843091,52.3081922]]}},{"type":"Feature","properties":{"bridge":"yes","highway":"cycleway","layer":"1","id":"way/183768486"},"geometry":{"type":"LineString","coordinates":[[20.9476363,52.3051733],[20.9568751,52.3096277]]}},{"type":"Feature","properties":{"highway":"trunk","name":"Pułkowa","id":"way/186699138"},"geometry":{"type":"LineString","coordinates":[[20.9276974,52.308904],[20.9273596,52.3091007],[20.9273016,52.3091343],[20.9270705,52.3092712],[20.9269406,52.3093523],[20.9267731,52.3094646],[20.9265971,52.3095844],[20.9265045,52.3096502],[20.9264005,52.3097305],[20.9262952,52.3098154]]}},{"type":"Feature","properties":{"highway":"primary","name":"Marymoncka","id":"way/187017302"},"geometry":{"type":"LineString","coordinates":[[20.9390451,52.3010728],[20.9392807,52.3007537],[20.939314,52.3007241],[20.9394062,52.3006429]]}},{"type":"Feature","properties":{"highway":"secondary","name":"Płochocińska","id":"way/188216777"},"geometry":{"type":"LineString","coordinates":[[20.9843091,52.3081922],[20.9846821,52.3083225],[20.985125,52.3084769]]}},{"type":"Feature","properties":{"highway":"secondary","name":"Modlińska","id":"way/188220735"},"geometry":{"type":"LineString","coordinates":[[20.9833717,52.3083264],[20.9827444,52.3087887],[20.9824885,52.3089778]]}},{"type":"Feature","properties":{"highway":"secondary","name":"Płochocińska","id":"way/188220737"},"geometry":{"type":"LineString","coordinates":[[20.984718,52.3084872],[20.984695,52.3084781],[20.9846597,52.3084619],[20.9845312,52.3084006],[20.9844041,52.3083481],[20.9839489,52.3081841],[20.9838634,52.3081533],[20.983673,52.3080845]]}},{"type":"Feature","properties":{"highway":"service","tunnel":"yes","id":"way/191424534"},"geometry":{"type":"LineString","coordinates":[[20.9746797,52.2786018],[20.9748323,52.2783048]]}},{"type":"Feature","properties":{"highway":"motorway","name":"Aleja Armii Krajowej","id":"way/197708375"},"geometry":{"type":"LineString","coordinates":[[20.9813152,52.2810081],[20.9806969,52.2807089]]}},{"type":"Feature","properties":{"highway":"motorway","name":"Aleja Armii Krajowej","id":"way/197708376"},"geometry":{"type":"LineString","coordinates":[[20.9725056,52.2765955],[20.972081,52.2763639]]}},{"type":"Feature","properties":{"highway":"motorway","name":"Aleja Armii Krajowej","id":"way/197708379"},"geometry":{"type":"LineString","coordinates":[[20.9737594,52.2772468],[20.9731704,52.2769455]]}},{"type":"Feature","properties":{"highway":"trunk","name":"Wybrzeże Gdyńskie","id":"way/198512378"},"geometry":{"type":"LineString","coordinates":[[20.9823483,52.288032],[20.9829154,52.2877086],[20.9834882,52.2873727],[20.9842281,52.2869459]]}},{"type":"Feature","properties":{"highway":"trunk","name":"Wybrzeże Gdyńskie","id":"way/201749094"},"geometry":{"type":"LineString","coordinates":[[20.9872733,52.285254],[20.9869714,52.2854529],[20.9867096,52.2856184],[20.9862025,52.2859247],[20.9858076,52.2861628]]}},{"type":"Feature","properties":{"highway":"trunk","name":"Wybrzeże Gdyńskie","id":"way/201749095"},"geometry":{"type":"LineString","coordinates":[[20.9852326,52.2863524],[20.9857176,52.2860686],[20.9863557,52.2856798]]}},{"type":"Feature","properties":{"bridge":"yes","highway":"trunk_link","layer":"1","name":"Pułkowa","id":"way/211147991"},"geometry":{"type":"LineString","coordinates":[[20.9388543,52.301428],[20.9389428,52.301254],[20.9389532,52.3012331]]}},{"type":"Feature","properties":{"highway":"secondary","name":"Modlińska","id":"way/220585187"},"geometry":{"type":"LineString","coordinates":[[20.9819759,52.3087929],[20.9829408,52.3080328],[20.9829504,52.3080253]]}},{"type":"Feature","properties":{"highway":"secondary","name":"Płochocińska","id":"way/220585198"},"geometry":{"type":"LineString","coordinates":[[20.985125,52.3084769],[20.9868611,52.3089649]]}},{"type":"Feature","properties":{"highway":"trunk","name":"Pułkowa","id":"way/223256292"},"geometry":{"type":"LineString","coordinates":[[20.927114,52.3089963],[20.9277457,52.3086499],[20.9289438,52.3080011],[20.9310982,52.3068354],[20.9315267,52.3066029]]}},{"type":"Feature","properties":{"highway":"secondary","name":"Stefana Żeromskiego","id":"way/229208355"},"geometry":{"type":"LineString","coordinates":[[20.9454892,52.2772271],[20.9460917,52.2771567],[20.9473849,52.2770106],[20.9474545,52.2770027],[20.947481,52.2769995],[20.9477105,52.2769721]]}},{"type":"Feature","properties":{"highway":"secondary","name":"Płochocińska","id":"way/230949731"},"geometry":{"type":"LineString","coordinates":[[20.9875733,52.3092931],[20.9875253,52.3092776],[20.9874372,52.3092464],[20.9873069,52.3092069],[20.9871701,52.3091705],[20.9859175,52.3088176],[20.9854427,52.3086911],[20.9850803,52.3085891],[20.9850466,52.3085791]]}},{"type":"Feature","properties":{"highway":"secondary","name":"Modlińska","id":"way/231035275"},"geometry":{"type":"LineString","coordinates":[[20.9854367,52.3066752],[20.9849588,52.3070521]]}},{"type":"Feature","properties":{"highway":"secondary","name":"Modlińska","id":"way/231035276"},"geometry":{"type":"LineString","coordinates":[[20.9849588,52.3070521],[20.9842976,52.3075735]]}},{"type":"Feature","properties":{"highway":"primary","name":"Modlińska","id":"way/231035277"},"geometry":{"type":"LineString","coordinates":[[20.9882471,52.3044362],[20.9878926,52.3047237],[20.9862318,52.3059815]]}},{"type":"Feature","properties":{"layer":"-1","railway":"tram","tunnel":"yes","id":"way/231037154"},"geometry":{"type":"LineString","coordinates":[[20.9298633,52.2990154],[20.9307232,52.299718]]}},{"type":"Feature","properties":{"layer":"-1","railway":"tram","tunnel":"yes","id":"way/231037156"},"geometry":{"type":"LineString","coordinates":[[20.9299941,52.3006623],[20.9286541,52.2995671]]}},{"type":"Feature","properties":{"layer":"-1","railway":"tram","tunnel":"yes","id":"way/231037157"},"geometry":{"type":"LineString","coordinates":[[20.9298542,52.3007263],[20.9285133,52.2996297]]}},{"type":"Feature","properties":{"layer":"-1","railway":"tram","tunnel":"yes","id":"way/231037158"},"geometry":{"type":"LineString","coordinates":[[20.9296491,52.2991166],[20.9305037,52.2998201]]}},{"type":"Feature","properties":{"layer":"-1","railway":"tram","tunnel":"yes","id":"way/231037160"},"geometry":{"type":"LineString","coordinates":[[20.9297184,52.3007893],[20.9283655,52.2996856]]}},{"type":"Feature","properties":{"layer":"-1","railway":"tram","tunnel":"yes","id":"way/231037161"},"geometry":{"type":"LineString","coordinates":[[20.9332613,52.2986171],[20.9326065,52.2980891]]}},{"type":"Feature","properties":{"layer":"-1","railway":"tram","tunnel":"yes","id":"way/231037163"},"geometry":{"type":"LineString","coordinates":[[20.9299266,52.2989906],[20.9307832,52.2996899]]}},{"type":"Feature","properties":{"layer":"-1","railway":"tram","tunnel":"yes","id":"way/231037164"},"geometry":{"type":"LineString","coordinates":[[20.9300568,52.3006353],[20.9287144,52.299539]]}},{"type":"Feature","properties":{"layer":"-1","railway":"tram","tunnel":"yes","id":"way/231037165"},"geometry":{"type":"LineString","coordinates":[[20.9299147,52.3006984],[20.9285754,52.2996036]]}},{"type":"Feature","properties":{"layer":"-1","railway":"tram","tunnel":"yes","id":"way/231037166"},"geometry":{"type":"LineString","coordinates":[[20.929775,52.3007619],[20.9284259,52.2996573]]}},{"type":"Feature","properties":{"layer":"-1","railway":"tram","tunnel":"yes","id":"way/231037168"},"geometry":{"type":"LineString","coordinates":[[20.929583,52.2991462],[20.9304421,52.2998458]]}},{"type":"Feature","properties":{"layer":"-1","railway":"tram","tunnel":"yes","id":"way/231037169"},"geometry":{"type":"LineString","coordinates":[[20.9297238,52.2990831],[20.9305821,52.2997817]]}},{"type":"Feature","properties":{"layer":"-1","railway":"tram","tunnel":"yes","id":"way/231037521"},"geometry":{"type":"LineString","coordinates":[[20.92979,52.2990538],[20.9306427,52.2997556]]}},{"type":"Feature","properties":{"highway":"secondary","name":"Wólczyńska","id":"way/236260773"},"geometry":{"type":"LineString","coordinates":[[20.9345104,52.2784848],[20.9347475,52.2784634],[20.9362836,52.2782925],[20.9364113,52.2782778],[20.9365481,52.2782634],[20.9366572,52.2782507],[20.9367494,52.2782406],[20.9368504,52.2782287],[20.9380812,52.278084]]}},{"type":"Feature","properties":{"highway":"footway","tunnel":"building_passage","id":"way/236958626"},"geometry":{"type":"LineString","coordinates":[[20.9293959,52.2818726],[20.9295619,52.2818694]]}},{"type":"Feature","properties":{"highway":"footway","tunnel":"yes","id":"way/236958628"},"geometry":{"type":"LineString","coordinates":[[20.9304206,52.2842797],[20.929935,52.2843029]]}},{"type":"Feature","properties":{"highway":"secondary","name":"Aleja Generał Marii Wittek","id":"way/240055920"},"geometry":{"type":"LineString","coordinates":[[20.9372596,52.2999381],[20.9366784,52.2996255],[20.9361138,52.2993086]]}},{"type":"Feature","properties":{"highway":"secondary","name":"Aleja Generał Marii Wittek","id":"way/240055921"},"geometry":{"type":"LineString","coordinates":[[20.9341362,52.2972194],[20.9346119,52.2978559],[20.9347059,52.2979816],[20.9348293,52.2981222],[20.9348729,52.2981711]]}},{"type":"Feature","properties":{"highway":"secondary","id":"way/240055923"},"geometry":{"type":"LineString","coordinates":[[20.9396587,52.3013583],[20.9393468,52.3012239],[20.9392121,52.3011564],[20.9390451,52.3010728]]}},{"type":"Feature","properties":{"highway":"primary","id":"way/240055924"},"geometry":{"type":"LineString","coordinates":[[20.9394062,52.3006429],[20.9397523,52.3007797],[20.9398998,52.3008478],[20.9400743,52.3009186]]}},{"type":"Feature","properties":{"highway":"secondary","name":"Rondo Hutników Warszawskich","id":"way/242189110"},"geometry":{"type":"LineString","coordinates":[[20.9407881,52.2858036],[20.9407636,52.285752],[20.9407415,52.2856795],[20.9407386,52.2856587],[20.9407251,52.2855624]]}},{"type":"Feature","properties":{"highway":"motorway","name":"Aleja Armii Krajowej","id":"way/245224795"},"geometry":{"type":"LineString","coordinates":[[20.9820003,52.2813396],[20.9813152,52.2810081]]}},{"type":"Feature","properties":{"highway":"secondary","name":"Stefana Żeromskiego","id":"way/253695778"},"geometry":{"type":"LineString","coordinates":[[20.9536714,52.2763029],[20.953816,52.2762902],[20.9538654,52.2762877],[20.9539526,52.2762804],[20.9541727,52.2762618],[20.9544956,52.2762362],[20.9547588,52.2762061],[20.956491,52.2760103],[20.9565464,52.276004],[20.956714,52.2759856],[20.956913,52.2759632],[20.9572127,52.2759295],[20.9575212,52.2758948]]}},{"type":"Feature","properties":{"highway":"secondary","name":"Stefana Żeromskiego","id":"way/253695779"},"geometry":{"type":"LineString","coordinates":[[20.9477105,52.2769721],[20.9479343,52.2769461],[20.9480356,52.2769349],[20.9481941,52.2769175],[20.9487875,52.2768522],[20.9494538,52.2767788],[20.9505321,52.276654],[20.9506632,52.2766406],[20.9515916,52.2765342],[20.9524914,52.2764329],[20.9526505,52.2764142],[20.9530137,52.2763731],[20.9533689,52.276333],[20.9534815,52.2763219],[20.9536714,52.2763029]]}},{"type":"Feature","properties":{"bridge":"covered","highway":"path","layer":"1","id":"way/255061642"},"geometry":{"type":"LineString","coordinates":[[20.9517449,52.2902916],[20.951902,52.2902867]]}},{"type":"Feature","properties":{"highway":"secondary","name":"Rondo Hutników Warszawskich","id":"way/255797720"},"geometry":{"type":"LineString","coordinates":[[20.941072,52.2854054],[20.9411166,52.2855183],[20.941152,52.2856214],[20.9411642,52.2856947],[20.9411808,52.2857938]]}},{"type":"Feature","properties":{"highway":"motorway","name":"Aleja Armii Krajowej","id":"way/259712120"},"geometry":{"type":"LineString","coordinates":[[20.9744116,52.2773788],[20.9756618,52.2780314]]}},{"type":"Feature","properties":{"highway":"motorway","layer":"1","name":"Aleja Armii Krajowej","id":"way/262572760"},"geometry":{"type":"LineString","coordinates":[[20.9865863,52.2832856],[20.9868589,52.2834117],[20.98748,52.2836991],[20.9882301,52.2840307]]}},{"type":"Feature","properties":{"bridge":"yes","highway":"motorway","layer":"1","name":"Aleja Armii Krajowej","id":"way/262572761"},"geometry":{"type":"LineString","coordinates":[[20.9833906,52.281809],[20.9850368,52.282563]]}},{"type":"Feature","properties":{"highway":"motorway","layer":"1","name":"Aleja Armii Krajowej","id":"way/262572763"},"geometry":{"type":"LineString","coordinates":[[20.9850368,52.282563],[20.9860981,52.2830598]]}},{"type":"Feature","properties":{"bridge":"yes","highway":"motorway","layer":"1","name":"Aleja Armii Krajowej","id":"way/262572764"},"geometry":{"type":"LineString","coordinates":[[20.9860981,52.2830598],[20.9865863,52.2832856]]}},{"type":"Feature","properties":{"bridge":"yes","highway":"motorway","layer":"1","name":"Aleja Armii Krajowej","id":"way/262572768"},"geometry":{"type":"LineString","coordinates":[[20.9864983,52.2833545],[20.9860126,52.2831266]]}},{"type":"Feature","properties":{"bridge":"yes","highway":"motorway","layer":"1","name":"Aleja Armii Krajowej","id":"way/262572769"},"geometry":{"type":"LineString","coordinates":[[20.9849354,52.2826357],[20.9832969,52.2819005]]}},{"type":"Feature","properties":{"highway":"motorway","layer":"1","name":"Aleja Armii Krajowej","id":"way/262572772"},"geometry":{"type":"LineString","coordinates":[[20.9881427,52.2840988],[20.9874012,52.2837678],[20.9867827,52.2834847],[20.9864983,52.2833545]]}},{"type":"Feature","properties":{"highway":"motorway","id":"way/262572773"},"geometry":{"type":"LineString","coordinates":[[20.9832969,52.2819005],[20.9820003,52.2813396]]}},{"type":"Feature","properties":{"highway":"footway","layer":"-1","tunnel":"yes","id":"way/277098627"},"geometry":{"type":"LineString","coordinates":[[20.9460091,52.303744],[20.9449783,52.3039976]]}},{"type":"Feature","properties":{"highway":"secondary","name":"Marymoncka","id":"way/281665981"},"geometry":{"type":"LineString","coordinates":[[20.9601589,52.2790171],[20.9604354,52.2787353],[20.9610663,52.2780764],[20.9611112,52.2780295],[20.9611488,52.2779899],[20.9612427,52.2778816]]}},{"type":"Feature","properties":{"highway":"motorway","id":"way/286808393"},"geometry":{"type":"LineString","coordinates":[[20.9821565,52.2812003],[20.9833906,52.281809]]}},{"type":"Feature","properties":{"bridge":"yes","highway":"path","layer":"1","id":"way/288531968"},"geometry":{"type":"LineString","coordinates":[[20.9781239,52.287753],[20.9778068,52.2876593]]}},{"type":"Feature","properties":{"highway":"secondary","name":"Marymoncka","id":"way/296931908"},"geometry":{"type":"LineString","coordinates":[[20.9539715,52.2855868],[20.9540517,52.2855028],[20.9541143,52.2854362],[20.9545053,52.2850201],[20.9546783,52.2848359],[20.955454,52.2840345],[20.9556184,52.2838643]]}},{"type":"Feature","properties":{"highway":"secondary","name":"Marymoncka","id":"way/296931917"},"geometry":{"type":"LineString","coordinates":[[20.9501466,52.28964],[20.9502439,52.289531]]}},{"type":"Feature","properties":{"highway":"secondary","name":"Marymoncka","id":"way/296931925"},"geometry":{"type":"LineString","coordinates":[[20.9405431,52.300119],[20.9404794,52.300213],[20.9402935,52.3005177],[20.9402553,52.3005935],[20.9401897,52.3007237],[20.9401619,52.3007815],[20.940143,52.3008169],[20.9400743,52.3009186]]}},{"type":"Feature","properties":{"highway":"secondary","name":"Jana Kasprowicza","id":"way/301228964"},"geometry":{"type":"LineString","coordinates":[[20.9408824,52.2859417],[20.9407544,52.2859975],[20.9407009,52.2860217],[20.9402614,52.2862274],[20.9397166,52.286482],[20.9392793,52.2866809],[20.9389678,52.2868228],[20.9386237,52.2869663],[20.9384526,52.2870285],[20.9383576,52.2870641],[20.9383086,52.2870814],[20.9380875,52.2871637],[20.9377288,52.2873042]]}},{"type":"Feature","properties":{"highway":"secondary","name":"Jana Kasprowicza","id":"way/301228965"},"geometry":{"type":"LineString","coordinates":[[20.9397585,52.2860148],[20.9399603,52.2859207],[20.940384,52.2857255],[20.9404865,52.2856772]]}},{"type":"Feature","properties":{"highway":"secondary","name":"Rondo Hutników Warszawskich","id":"way/301228966"},"geometry":{"type":"LineString","coordinates":[[20.9411808,52.2857938],[20.9410537,52.285862],[20.9410083,52.2858831],[20.9408824,52.2859417]]}},{"type":"Feature","properties":{"highway":"secondary","name":"Rondo Hutników Warszawskich","id":"way/301228967"},"geometry":{"type":"LineString","coordinates":[[20.9407251,52.2855624],[20.940986,52.2854443],[20.941072,52.2854054]]}},{"type":"Feature","properties":{"highway":"secondary","name":"Aleja Władysława Reymonta","id":"way/301782612"},"geometry":{"type":"LineString","coordinates":[[20.9404221,52.2839668],[20.9403748,52.2837167],[20.9401934,52.2826118],[20.9401014,52.2820713]]}},{"type":"Feature","properties":{"highway":"secondary","name":"Aleja Władysława Reymonta","id":"way/302755872"},"geometry":{"type":"LineString","coordinates":[[20.9397536,52.2803336],[20.9394569,52.2794034]]}},{"type":"Feature","properties":{"layer":"-3","railway":"subway","tunnel":"yes","id":"way/303176651"},"geometry":{"type":"LineString","coordinates":[[20.9707697,52.2719047],[20.9702192,52.2720274],[20.9700058,52.2720768],[20.9697946,52.2721261],[20.9695864,52.2721755],[20.9693811,52.2722228],[20.9692168,52.2722607],[20.9690557,52.2722988],[20.9688783,52.2723412],[20.9687048,52.2723845],[20.9684222,52.2724643],[20.9681844,52.272533],[20.9680312,52.2725837],[20.9677803,52.2726615],[20.9675384,52.2727446],[20.9673649,52.272805],[20.9671655,52.2728777],[20.9669758,52.272951],[20.9667776,52.2730313],[20.9665737,52.2731177],[20.9663913,52.2731991],[20.9661938,52.27329],[20.9660032,52.2733821],[20.9658269,52.2734701],[20.9656621,52.2735562],[20.9654978,52.2736449],[20.9653391,52.2737348],[20.9651713,52.2738334],[20.9650207,52.2739245],[20.9648373,52.2740402],[20.9646933,52.274135],[20.9645477,52.2742336],[20.9641843,52.2744903],[20.9633593,52.2750848],[20.9632142,52.2751892],[20.9630697,52.2752919],[20.9629222,52.2753947],[20.9627707,52.2754974],[20.962618,52.2755963],[20.962459,52.2756949],[20.962287,52.2757978],[20.9621085,52.2758988],[20.9619505,52.2759849],[20.9617856,52.2760708],[20.9616185,52.2761538],[20.9614387,52.2762409],[20.9612638,52.2763241],[20.9610866,52.276407]]}},{"type":"Feature","properties":{"bridge":"yes","highway":"primary","layer":"1","name":"Most Marii Skłodowskiej-Curie","id":"way/303806183"},"geometry":{"type":"LineString","coordinates":[[20.9570586,52.3094825],[20.9478227,52.3050286]]}},{"type":"Feature","properties":{"bridge":"yes","highway":"path","layer":"1","name":"Kładka Żerańska","id":"way/304643677"},"geometry":{"type":"LineString","coordinates":[[20.9839449,52.2953891],[20.9835034,52.2955639],[20.9809396,52.2965794],[20.9807207,52.2966661],[20.9806169,52.2967072]]}},{"type":"Feature","properties":{"highway":"motorway","name":"Aleja Armii Krajowej","id":"way/308307354"},"geometry":{"type":"LineString","coordinates":[[20.9731704,52.2769455],[20.9725056,52.2765955]]}},{"type":"Feature","properties":{"bridge":"yes","highway":"service","layer":"1","id":"way/308436123"},"geometry":{"type":"LineString","coordinates":[[20.9853335,52.2821927],[20.9850285,52.2820335]]}},{"type":"Feature","properties":{"bridge":"yes","highway":"motorway_link","layer":"1","id":"way/308478638"},"geometry":{"type":"LineString","coordinates":[[20.9859619,52.2835898],[20.9858547,52.2834064],[20.9857431,52.2832506]]}},{"type":"Feature","properties":{"railway":"rail","id":"way/309119483"},"geometry":{"type":"LineString","coordinates":[[20.9274832,52.2980184],[20.9278159,52.2978258],[20.9279215,52.2977486],[20.9280353,52.2976656],[20.9281769,52.2975487],[20.9283467,52.2974253],[20.9285773,52.297316]]}},{"type":"Feature","properties":{"railway":"rail","id":"way/309119484"},"geometry":{"type":"LineString","coordinates":[[20.9286236,52.2973577],[20.9284316,52.2974477],[20.9282005,52.2975909],[20.9279215,52.2977486]]}},{"type":"Feature","properties":{"railway":"rail","id":"way/309119485"},"geometry":{"type":"LineString","coordinates":[[20.9278159,52.2978258],[20.927991,52.2977511],[20.9283022,52.2976004],[20.9286866,52.2974339]]}},{"type":"Feature","properties":{"railway":"rail","id":"way/309119486"},"geometry":{"type":"LineString","coordinates":[[20.927991,52.2977511],[20.9283145,52.2976324],[20.928524,52.2975646],[20.9286997,52.2975099],[20.9288876,52.2974383],[20.9292832,52.2972654]]}},{"type":"Feature","properties":{"railway":"rail","id":"way/309119487"},"geometry":{"type":"LineString","coordinates":[[20.9282961,52.2968994],[20.9280157,52.2974289],[20.9279356,52.2975646],[20.9278055,52.2977728]]}},{"type":"Feature","properties":{"railway":"rail","id":"way/309119488"},"geometry":{"type":"LineString","coordinates":[[20.9283645,52.2969269],[20.9281913,52.2972348],[20.9280619,52.2974628],[20.9279347,52.2976622]]}},{"type":"Feature","properties":{"highway":"secondary","name":"Jana Kasprowicza","id":"way/316142023"},"geometry":{"type":"LineString","coordinates":[[20.9312116,52.2899193],[20.931912,52.2895981],[20.9325358,52.289312]]}},{"type":"Feature","properties":{"highway":"secondary","name":"Aleja Generał Marii Wittek","id":"way/316142038"},"geometry":{"type":"LineString","coordinates":[[20.930744,52.2914603],[20.9310118,52.2919624],[20.9310328,52.292002],[20.931074,52.2920798]]}},{"type":"Feature","properties":{"highway":"footway","tunnel":"yes","id":"way/316258138"},"geometry":{"type":"LineString","coordinates":[[20.9508615,52.2806658],[20.9507838,52.2806015]]}},{"type":"Feature","properties":{"railway":"rail","id":"way/320862541"},"geometry":{"type":"LineString","coordinates":[[20.9133722,52.2903987],[20.9137584,52.2906406],[20.9141185,52.2909301],[20.91463,52.2913815],[20.9147358,52.2915056],[20.9159785,52.292517],[20.9163528,52.2928216],[20.9169481,52.2933049],[20.9175649,52.2938056],[20.9177037,52.2939176],[20.9177305,52.2939392],[20.9179079,52.2941041],[20.9180723,52.2942914],[20.9182543,52.294541],[20.9183812,52.2948209],[20.9184529,52.2951279],[20.9184915,52.2954416],[20.9185443,52.2956552],[20.9186033,52.2958046],[20.9186781,52.2959541],[20.9187815,52.2961171],[20.9189001,52.2962622],[20.9190148,52.2963686],[20.9192481,52.296562],[20.919494,52.2967629],[20.9238185,52.3002956],[20.9241,52.3005255],[20.9242503,52.3006634],[20.9243531,52.3007698],[20.9245508,52.3009971],[20.9246536,52.3011639],[20.9247792,52.3013736],[20.924842,52.3015637],[20.924901,52.3018817],[20.9249406,52.3021332]]}},{"type":"Feature","properties":{"highway":"footway","tunnel":"building_passage","id":"way/322902469"},"geometry":{"type":"LineString","coordinates":[[20.9291396,52.2910053],[20.9291577,52.291021],[20.9292241,52.2909897]]}},{"type":"Feature","properties":{"highway":"secondary","name":"Aleja Władysława Reymonta","id":"way/322913531"},"geometry":{"type":"LineString","coordinates":[[20.9389279,52.2768836],[20.9391489,52.2776217],[20.9391669,52.2776819],[20.9391756,52.2777202],[20.9392462,52.2779224]]}},{"type":"Feature","properties":{"layer":"-1","name":"Rudawka","tunnel":"culvert","waterway":"stream","id":"way/329410394"},"geometry":{"type":"LineString","coordinates":[[20.9705231,52.2850501],[20.9705035,52.2850832],[20.9705031,52.2850965],[20.9711152,52.2853361],[20.9717227,52.2855645],[20.9724967,52.2858585],[20.9728228,52.2859863],[20.9741632,52.2863681],[20.974178,52.2863786],[20.9745724,52.2868249]]}},{"type":"Feature","properties":{"railway":"rail","id":"way/336819832"},"geometry":{"type":"LineString","coordinates":[[20.9842337,52.2953394],[20.9857251,52.2948575],[20.9865034,52.2946059],[20.9868398,52.2944942],[20.9872489,52.2943807],[20.9874117,52.2943429],[20.98761,52.2943051],[20.987777,52.2942854],[20.987987,52.2942671],[20.9882199,52.2942621],[20.9884309,52.2942684],[20.9887228,52.2942893],[20.9889204,52.2943161],[20.989052,52.2943472],[20.9894544,52.2944493],[20.9898598,52.2945764],[20.9900918,52.2946447],[20.990736,52.2948906],[20.991522,52.2952091],[20.9943593,52.2963285],[20.9949124,52.2965449],[20.9950177,52.2965832],[20.9952963,52.2967072],[20.9953606,52.2967405],[20.9957618,52.2969529],[20.9959369,52.2970479]]}},{"type":"Feature","properties":{"railway":"rail","id":"way/336819842"},"geometry":{"type":"LineString","coordinates":[[20.9857251,52.2948575],[20.9861321,52.2947493],[20.9863878,52.2946887],[20.9865204,52.2946623],[20.9866584,52.2946384],[20.9868933,52.294618],[20.9871128,52.2946051],[20.9873197,52.2946065],[20.9884253,52.2946698],[20.9889988,52.2947033]]}},{"type":"Feature","properties":{"railway":"rail","id":"way/336819850"},"geometry":{"type":"LineString","coordinates":[[20.9865034,52.2946059],[20.9872455,52.2944111],[20.9874194,52.2943784],[20.9876211,52.2943485],[20.9878382,52.2943287],[20.9880802,52.2943179],[20.988323,52.294323],[20.9885192,52.2943354],[20.9887009,52.2943573],[20.988869,52.2943859],[20.9890494,52.2944252],[20.9892272,52.2944694],[20.9894169,52.2945294],[20.989766,52.2946657],[20.9945718,52.2965609],[20.9948351,52.2966529],[20.9952171,52.2967826],[20.9952817,52.2968044],[20.9955757,52.296903],[20.9959369,52.2970479],[20.9964108,52.2972301],[20.9966305,52.2973002],[20.9968693,52.297368],[20.9972687,52.2974236],[20.9976681,52.2974502],[20.9980753,52.2974309],[20.9985909,52.2973679],[20.9990447,52.2972958],[21.0052932,52.2962999],[21.0054068,52.2962806],[21.0055099,52.2962615],[21.0056127,52.296239],[21.0061733,52.2961078]]}},{"type":"Feature","properties":{"highway":"footway","tunnel":"yes","id":"way/361643586"},"geometry":{"type":"LineString","coordinates":[[20.9508379,52.2805453],[20.9510013,52.2806824]]}},{"type":"Feature","properties":{"highway":"motorway","name":"Aleja Armii Krajowej","id":"way/365607425"},"geometry":{"type":"LineString","coordinates":[[20.9860126,52.2831266],[20.9849354,52.2826357]]}},{"type":"Feature","properties":{"bridge":"yes","highway":"footway","layer":"1","id":"way/365918910"},"geometry":{"type":"LineString","coordinates":[[20.9476146,52.3051902],[20.9568528,52.3096455]]}},{"type":"Feature","properties":{"highway":"secondary","name":"Aleja Władysława Reymonta","id":"way/369565649"},"geometry":{"type":"LineString","coordinates":[[20.9398987,52.2802211],[20.9399488,52.2803765],[20.939964,52.2804238],[20.939975,52.2804597],[20.9400418,52.2806733]]}},{"type":"Feature","properties":{"highway":"secondary","name":"Aleja Władysława Reymonta","id":"way/370191772"},"geometry":{"type":"LineString","coordinates":[[20.9400418,52.2806733],[20.9401088,52.2809165],[20.9401482,52.281139]]}},{"type":"Feature","properties":{"highway":"secondary","name":"Aleja Władysława Reymonta","id":"way/370191773"},"geometry":{"type":"LineString","coordinates":[[20.9407833,52.2847728],[20.9407925,52.284803],[20.9408213,52.2848703],[20.9409773,52.2852088],[20.9410096,52.2852775],[20.9410266,52.2853138],[20.941072,52.2854054]]}},{"type":"Feature","properties":{"highway":"secondary","name":"Aleja Władysława Reymonta","id":"way/370191774"},"geometry":{"type":"LineString","coordinates":[[20.9401942,52.2813795],[20.9402154,52.2815161],[20.9402202,52.2815465],[20.9402743,52.2818948],[20.9402777,52.2819167],[20.9403337,52.2822586],[20.9403454,52.2824199],[20.9403605,52.2826297],[20.940593,52.2840469],[20.9406292,52.2842136],[20.9407024,52.2845345]]}},{"type":"Feature","properties":{"highway":"motorway","name":"Aleja Armii Krajowej","id":"way/370282702"},"geometry":{"type":"LineString","coordinates":[[20.9773172,52.2790618],[20.9754248,52.2781185]]}},{"type":"Feature","properties":{"highway":"secondary","name":"Marymoncka","id":"way/371864050"},"geometry":{"type":"LineString","coordinates":[[20.9614089,52.277937],[20.9613049,52.2780458],[20.9612676,52.2780848],[20.9601948,52.2792178],[20.9601565,52.2792583],[20.9588731,52.2806264],[20.9587216,52.2807901],[20.9586774,52.2808427],[20.9586599,52.2808633],[20.9585568,52.2809862]]}},{"type":"Feature","properties":{"highway":"secondary","name":"Marymoncka","id":"way/371864051"},"geometry":{"type":"LineString","coordinates":[[20.9556184,52.2838643],[20.9557478,52.2837248],[20.955777,52.2836933],[20.9560219,52.283437],[20.9563239,52.2831147],[20.9570369,52.2823561],[20.9576691,52.2816834],[20.9577262,52.2816109],[20.9578174,52.2814952]]}},{"type":"Feature","properties":{"highway":"secondary","name":"Marymoncka","id":"way/371864057"},"geometry":{"type":"LineString","coordinates":[[20.9502439,52.289531],[20.9502695,52.2895046],[20.9505459,52.2892173],[20.9506251,52.2891351]]}},{"type":"Feature","properties":{"highway":"secondary","name":"Marymoncka","id":"way/371864058"},"geometry":{"type":"LineString","coordinates":[[20.9585568,52.2809862],[20.9584797,52.2810764],[20.9582516,52.2813245],[20.9568285,52.2828372],[20.9567774,52.2828887],[20.9564768,52.2831753],[20.9564374,52.2832095],[20.956388,52.283257],[20.956125,52.283531],[20.9559872,52.2836872],[20.9559376,52.2837465],[20.955909,52.2837787],[20.9557939,52.2839165]]}},{"type":"Feature","properties":{"bridge":"yes","highway":"cycleway","layer":"1","id":"way/372968091"},"geometry":{"type":"LineString","coordinates":[[20.9720241,52.2764425],[20.9718107,52.2763242],[20.9716953,52.2762587]]}},{"type":"Feature","properties":{"highway":"footway","layer":"-1","tunnel":"building_passage","id":"way/379677319"},"geometry":{"type":"LineString","coordinates":[[20.960122,52.2854121],[20.9599979,52.2853676]]}},{"type":"Feature","properties":{"layer":"-1","name":"Potok Bielański","tunnel":"culvert","waterway":"drain","id":"way/379689217"},"geometry":{"type":"LineString","coordinates":[[20.9318547,52.2793324],[20.9318725,52.2794846],[20.9318862,52.2795559]]}},{"type":"Feature","properties":{"layer":"-1","name":"Potok Bielański","tunnel":"yes","waterway":"drain","id":"way/379689321"},"geometry":{"type":"LineString","coordinates":[[20.9290218,52.2776614],[20.9316588,52.279123]]}},{"type":"Feature","properties":{"highway":"trunk","name":"Wybrzeże Gdyńskie","id":"way/381731756"},"geometry":{"type":"LineString","coordinates":[[20.9409684,52.3030026],[20.9416767,52.3028905],[20.942323,52.3027919],[20.9426036,52.3027447],[20.9429246,52.3026818]]}},{"type":"Feature","properties":{"highway":"trunk","name":"Wybrzeże Gdyńskie","id":"way/381731758"},"geometry":{"type":"LineString","coordinates":[[20.9429169,52.3027996],[20.9421002,52.3029209],[20.9410036,52.3030902]]}},{"type":"Feature","properties":{"bridge":"yes","highway":"motorway","layer":"1","name":"Aleja Armii Krajowej","id":"way/386098939"},"geometry":{"type":"LineString","coordinates":[[20.972081,52.2763639],[20.9717792,52.2761992]]}},{"type":"Feature","properties":{"highway":"footway","layer":"-1","tunnel":"building_passage","id":"way/394940282"},"geometry":{"type":"LineString","coordinates":[[20.9543964,52.2799537],[20.9543078,52.2798817]]}},{"type":"Feature","properties":{"highway":"footway","layer":"-1","tunnel":"building_passage","id":"way/394940283"},"geometry":{"type":"LineString","coordinates":[[20.9531785,52.2803968],[20.9532742,52.2804747]]}},{"type":"Feature","properties":{"highway":"footway","layer":"-1","tunnel":"building_passage","id":"way/394940285"},"geometry":{"type":"LineString","coordinates":[[20.9552524,52.2795603],[20.9551662,52.2794883]]}},{"type":"Feature","properties":{"highway":"footway","layer":"-1","tunnel":"building_passage","id":"way/394940286"},"geometry":{"type":"LineString","coordinates":[[20.9541325,52.280073],[20.9540531,52.2800014]]}},{"type":"Feature","properties":{"highway":"footway","layer":"-1","tunnel":"building_passage","id":"way/394940289"},"geometry":{"type":"LineString","coordinates":[[20.9535205,52.2803524],[20.9534316,52.2802813]]}},{"type":"Feature","properties":{"highway":"footway","layer":"-1","tunnel":"building_passage","id":"way/394940293"},"geometry":{"type":"LineString","coordinates":[[20.9550084,52.2796725],[20.9549218,52.2796002]]}},{"type":"Feature","properties":{"highway":"footway","tunnel":"yes","id":"way/394942122"},"geometry":{"type":"LineString","coordinates":[[20.9526545,52.2807542],[20.9525712,52.2806792]]}},{"type":"Feature","properties":{"highway":"footway","tunnel":"yes","id":"way/394942123"},"geometry":{"type":"LineString","coordinates":[[20.9524101,52.2808643],[20.9523369,52.280801]]}},{"type":"Feature","properties":{"highway":"footway","tunnel":"yes","id":"way/400823607"},"geometry":{"type":"LineString","coordinates":[[20.960848,52.2764907],[20.9611768,52.2763384]]}},{"type":"Feature","properties":{"highway":"footway","layer":"-1","tunnel":"yes","id":"way/408226607"},"geometry":{"type":"LineString","coordinates":[[20.9386595,52.3035839],[20.938473,52.3032527]]}},{"type":"Feature","properties":{"bridge":"yes","highway":"footway","layer":"1","id":"way/408226612"},"geometry":{"type":"LineString","coordinates":[[20.9387464,52.3013722],[20.9388423,52.3011826],[20.93885,52.3011664],[20.9388582,52.3011492]]}},{"type":"Feature","properties":{"bridge":"yes","highway":"footway","layer":"1","id":"way/408226615"},"geometry":{"type":"LineString","coordinates":[[20.9393854,52.3017069],[20.9396129,52.3015227],[20.93963,52.3015072]]}},{"type":"Feature","properties":{"highway":"footway","tunnel":"building_passage","id":"way/414603456"},"geometry":{"type":"LineString","coordinates":[[20.9744583,52.2840144],[20.9746349,52.2840317]]}},{"type":"Feature","properties":{"bridge":"yes","highway":"footway","layer":"1","id":"way/414664771"},"geometry":{"type":"LineString","coordinates":[[20.9777799,52.2788301],[20.9775706,52.2789259],[20.9772369,52.2790266],[20.9770975,52.2790687],[20.9770256,52.2790904],[20.9769012,52.2791127]]}},{"type":"Feature","properties":{"bridge":"yes","highway":"footway","layer":"1","id":"way/414664772"},"geometry":{"type":"LineString","coordinates":[[20.9774625,52.2786213],[20.9774414,52.2786413],[20.9774325,52.2786498],[20.9774309,52.2786676],[20.9773435,52.2786942],[20.9768493,52.2788446],[20.9765439,52.2789375]]}},{"type":"Feature","properties":{"highway":"trunk","name":"Wybrzeże Gdyńskie","id":"way/422438908"},"geometry":{"type":"LineString","coordinates":[[20.9863557,52.2856798],[20.9866755,52.2854703],[20.9870121,52.285245],[20.9872708,52.2850708],[20.9874574,52.2849421],[20.9876191,52.2848298],[20.9878452,52.2846675],[20.9880921,52.2844867],[20.9887316,52.283991]]}},{"type":"Feature","properties":{"highway":"secondary","name":"Marymoncka","id":"way/436602537"},"geometry":{"type":"LineString","coordinates":[[20.9450269,52.2950203],[20.9451268,52.2949173],[20.9453027,52.2947423]]}},{"type":"Feature","properties":{"highway":"trunk","name":"Pułkowa","id":"way/441050501"},"geometry":{"type":"LineString","coordinates":[[20.9315267,52.3066029],[20.9322918,52.3061552]]}},{"type":"Feature","properties":{"highway":"trunk","name":"Pułkowa","id":"way/441050502"},"geometry":{"type":"LineString","coordinates":[[20.9329675,52.3057777],[20.9330572,52.3057336],[20.9333988,52.3055455],[20.9335779,52.3054482],[20.9354096,52.3044578]]}},{"type":"Feature","properties":{"highway":"trunk","name":"Pułkowa","id":"way/441050503"},"geometry":{"type":"LineString","coordinates":[[20.9322918,52.3061552],[20.9327601,52.3058903],[20.9328325,52.3058516],[20.9329675,52.3057777]]}},{"type":"Feature","properties":{"highway":"secondary","name":"Jana Kasprowicza","id":"way/443040355"},"geometry":{"type":"LineString","coordinates":[[20.9359525,52.2881132],[20.9354563,52.2883413]]}},{"type":"Feature","properties":{"highway":"secondary","name":"Jana Kasprowicza","id":"way/443040356"},"geometry":{"type":"LineString","coordinates":[[20.9319507,52.2900215],[20.931271,52.2903313]]}},{"type":"Feature","properties":{"highway":"secondary","name":"Jana Kasprowicza","id":"way/443040357"},"geometry":{"type":"LineString","coordinates":[[20.9325358,52.289312],[20.9330985,52.2890692]]}},{"type":"Feature","properties":{"highway":"secondary","name":"Jana Kasprowicza","id":"way/443040358"},"geometry":{"type":"LineString","coordinates":[[20.9372736,52.2871551],[20.9377313,52.2869444]]}},{"type":"Feature","properties":{"highway":"secondary","name":"Jana Kasprowicza","id":"way/443040359"},"geometry":{"type":"LineString","coordinates":[[20.935041,52.2885574],[20.9346387,52.2887709]]}},{"type":"Feature","properties":{"highway":"secondary","name":"Jana Kasprowicza","id":"way/443040360"},"geometry":{"type":"LineString","coordinates":[[20.9354563,52.2883413],[20.935041,52.2885574]]}},{"type":"Feature","properties":{"highway":"secondary","name":"Jana Kasprowicza","id":"way/443040361"},"geometry":{"type":"LineString","coordinates":[[20.939547,52.2861074],[20.9396483,52.2860636],[20.9397585,52.2860148]]}},{"type":"Feature","properties":{"highway":"secondary","name":"Jana Kasprowicza","id":"way/443040362"},"geometry":{"type":"LineString","coordinates":[[20.9377313,52.2869444],[20.9379364,52.2868492],[20.9379906,52.2868243]]}},{"type":"Feature","properties":{"highway":"secondary","name":"Jana Kasprowicza","id":"way/443040363"},"geometry":{"type":"LineString","coordinates":[[20.9356319,52.2879109],[20.9360902,52.2877008],[20.9361535,52.2876718],[20.9362974,52.2876068]]}},{"type":"Feature","properties":{"highway":"secondary","name":"Jana Kasprowicza","id":"way/443040364"},"geometry":{"type":"LineString","coordinates":[[20.9343351,52.288507],[20.9347442,52.2883165],[20.9351708,52.2881234],[20.9356319,52.2879109]]}},{"type":"Feature","properties":{"highway":"secondary","name":"Jana Kasprowicza","id":"way/443040365"},"geometry":{"type":"LineString","coordinates":[[20.9337481,52.2887608],[20.9337949,52.2887406],[20.9340676,52.2886227],[20.9343351,52.288507]]}},{"type":"Feature","properties":{"highway":"secondary","name":"Jana Kasprowicza","id":"way/443040366"},"geometry":{"type":"LineString","coordinates":[[20.9339396,52.2891211],[20.9337913,52.2891828],[20.9337445,52.2892041],[20.9334275,52.2893501],[20.9332868,52.2894127],[20.9319507,52.2900215]]}},{"type":"Feature","properties":{"highway":"secondary","name":"Aleja Generał Marii Wittek","id":"way/443040375"},"geometry":{"type":"LineString","coordinates":[[20.9307297,52.2923042],[20.9306925,52.2922304],[20.9306772,52.2922026],[20.9306435,52.2921484],[20.93053,52.2919654]]}},{"type":"Feature","properties":{"highway":"secondary","name":"Aleja Generał Marii Wittek","id":"way/443040376"},"geometry":{"type":"LineString","coordinates":[[20.9361138,52.2993086],[20.9355718,52.2989651]]}},{"type":"Feature","properties":{"highway":"secondary","name":"Aleja Generał Marii Wittek","id":"way/443040377"},"geometry":{"type":"LineString","coordinates":[[20.9330954,52.2955842],[20.9335036,52.2962228]]}},{"type":"Feature","properties":{"highway":"secondary","name":"Aleja Generał Marii Wittek","id":"way/443040378"},"geometry":{"type":"LineString","coordinates":[[20.9311254,52.2930773],[20.9308487,52.2925367],[20.9308155,52.2924722],[20.9307932,52.2924285],[20.9307767,52.2923962],[20.9307297,52.2923042]]}},{"type":"Feature","properties":{"highway":"secondary","name":"Aleja Generał Marii Wittek","id":"way/443040379"},"geometry":{"type":"LineString","coordinates":[[20.934185,52.2977579],[20.9340118,52.2975152],[20.933795,52.2972063]]}},{"type":"Feature","properties":{"highway":"secondary","name":"Aleja Generał Marii Wittek","id":"way/443040380"},"geometry":{"type":"LineString","coordinates":[[20.934717,52.2983559],[20.9346131,52.2982494],[20.9343724,52.2979849],[20.934185,52.2977579]]}},{"type":"Feature","properties":{"railway":"rail","id":"way/443446121"},"geometry":{"type":"LineString","coordinates":[[20.9274832,52.2980184],[20.9272384,52.2981871],[20.9271774,52.2982291],[20.927039,52.2983465],[20.9269,52.2985013],[20.9268726,52.2985375],[20.9267469,52.2987042]]}},{"type":"Feature","properties":{"railway":"rail","id":"way/443446124"},"geometry":{"type":"LineString","coordinates":[[20.9283931,52.2972751],[20.9279347,52.2976622],[20.9278725,52.2977132],[20.9278055,52.2977728],[20.9276707,52.2978929],[20.9274832,52.2980184]]}},{"type":"Feature","properties":{"name":"Kanał Żerański","waterway":"canal","id":"way/455449665"},"geometry":{"type":"LineString","coordinates":[[20.9773631,52.2944885],[20.981631,52.295418],[20.9872065,52.2965721],[20.9878711,52.2966484]]}},{"type":"Feature","properties":{"name":"Wisła","waterway":"river","id":"way/456262354"},"geometry":{"type":"LineString","coordinates":[[20.9773631,52.2944885],[20.9748514,52.2949071],[20.972342,52.2953736],[20.9702337,52.2959018],[20.9690166,52.2963085],[20.9667447,52.2970675],[20.9629097,52.2987905],[20.9603877,52.3001463],[20.9576315,52.3015906],[20.9560919,52.3025738],[20.9553688,52.3032039],[20.9545319,52.3040492],[20.9539324,52.3046391],[20.951544,52.3067743],[20.9482831,52.3095674],[20.9459776,52.3108752],[20.9423648,52.3128659],[20.9385144,52.3152925],[20.9339747,52.3183581],[20.9300901,52.3214126],[20.9284668,52.322932],[20.9274225,52.3243337],[20.9257986,52.3274086],[20.9255371,52.3299215],[20.9256405,52.3346231],[20.9253977,52.337509],[20.9249891,52.3389825],[20.9249686,52.3404033]]}},{"type":"Feature","properties":{"railway":"rail","id":"way/458569416"},"geometry":{"type":"LineString","coordinates":[[20.9194916,52.2929595],[20.9209884,52.2941831],[20.9211451,52.2943299],[20.921246,52.2944386],[20.9213572,52.2945684],[20.921392,52.2946123],[20.9214462,52.2946809],[20.9215081,52.2947726],[20.9215542,52.2948408],[20.9216444,52.2949971],[20.9217776,52.2952205],[20.9218722,52.2953506]]}},{"type":"Feature","properties":{"railway":"rail","id":"way/458569417"},"geometry":{"type":"LineString","coordinates":[[20.9208773,52.2946581],[20.9210667,52.2947622],[20.9211591,52.294813],[20.9212755,52.2948784],[20.9212834,52.2948828],[20.9214102,52.294959],[20.9215241,52.2950366],[20.9216401,52.2951299],[20.9217368,52.2952219],[20.9218722,52.2953506],[20.9219839,52.2954623],[20.9221128,52.2955806],[20.9221816,52.2956411]]}},{"type":"Feature","properties":{"railway":"rail","id":"way/458569418"},"geometry":{"type":"LineString","coordinates":[[20.9208773,52.2946581],[20.9210925,52.2947535],[20.9211922,52.2947977],[20.9213236,52.2948556],[20.9216444,52.2949971],[20.921817,52.2950742],[20.9219696,52.295132],[20.9221307,52.2951793],[20.9222811,52.2952161],[20.922438,52.2952463],[20.9225927,52.2952673],[20.9227774,52.2952844],[20.9229322,52.295291],[20.9230997,52.2952923],[20.9232802,52.2952844],[20.9234349,52.2952739],[20.9236012,52.295255]]}},{"type":"Feature","properties":{"railway":"rail","id":"way/458569419"},"geometry":{"type":"LineString","coordinates":[[20.9221816,52.2956411],[20.923221,52.2964816],[20.9242292,52.2972968]]}},{"type":"Feature","properties":{"railway":"rail","id":"way/458569420"},"geometry":{"type":"LineString","coordinates":[[20.9242292,52.2972968],[20.9243298,52.297382],[20.9244115,52.2974583],[20.9249637,52.2979983],[20.9251506,52.2981954]]}},{"type":"Feature","properties":{"railway":"rail","id":"way/458569421"},"geometry":{"type":"LineString","coordinates":[[20.923221,52.2964816],[20.9233045,52.2965293],[20.923383,52.2965714],[20.9235387,52.2966489],[20.9236204,52.2966883],[20.9238,52.2967826],[20.9239197,52.2968466],[20.9241182,52.2969811],[20.9243048,52.2971486],[20.9245019,52.2973452]]}},{"type":"Feature","properties":{"railway":"rail","id":"way/458569422"},"geometry":{"type":"LineString","coordinates":[[20.923625,52.2964289],[20.9239148,52.2966731],[20.9239982,52.2967523],[20.9241091,52.2968575],[20.9242389,52.2970027],[20.9243412,52.2971275],[20.9245019,52.2973452],[20.9246745,52.2975518],[20.9247996,52.297724],[20.9248898,52.297848],[20.9249925,52.2979813],[20.9251506,52.2981954]]}},{"type":"Feature","properties":{"railway":"rail","id":"way/458569424"},"geometry":{"type":"LineString","coordinates":[[20.9255376,52.2985649],[20.9259222,52.2991247],[20.9259716,52.2992324],[20.9259931,52.2993192],[20.9260017,52.2994006],[20.9259996,52.29949],[20.9259845,52.2995938],[20.9259587,52.2996937],[20.9258734,52.2999768]]}},{"type":"Feature","properties":{"railway":"rail","id":"way/458569425"},"geometry":{"type":"LineString","coordinates":[[20.9256391,52.298537],[20.9259936,52.2991021],[20.9260366,52.2991993],[20.9260645,52.2992834],[20.9260817,52.2993819],[20.926086,52.29947],[20.9260752,52.2995659],[20.9260129,52.2998346],[20.9259598,52.2999988]]}},{"type":"Feature","properties":{"railway":"rail","id":"way/458569426"},"geometry":{"type":"LineString","coordinates":[[20.9252652,52.297972],[20.9253383,52.2980522],[20.9254307,52.2981573],[20.9255166,52.2982637],[20.9256133,52.2983846],[20.9257336,52.2985436],[20.9258196,52.2986606],[20.9260924,52.2990942],[20.9261526,52.2992098],[20.9261784,52.2993018],[20.926187,52.299403],[20.9261719,52.2995146],[20.9261537,52.2995902],[20.9260801,52.299779]]}},{"type":"Feature","properties":{"railway":"rail","id":"way/458569427"},"geometry":{"type":"LineString","coordinates":[[20.9263137,52.2986146],[20.9263954,52.2988616],[20.9264169,52.2989615],[20.9264147,52.2990561],[20.9263997,52.2991467],[20.9263675,52.2992505],[20.9263095,52.2993643],[20.9261723,52.2996106],[20.9260801,52.299779],[20.9259598,52.2999988],[20.9259334,52.300047],[20.9257527,52.300377]]}},{"type":"Feature","properties":{"railway":"rail","id":"way/458573921"},"geometry":{"type":"LineString","coordinates":[[20.9236012,52.295255],[20.9237747,52.2952247],[20.9239481,52.2951879],[20.9241144,52.2951338],[20.9243285,52.2950493],[20.9269422,52.2938415]]}},{"type":"Feature","properties":{"railway":"rail","id":"way/458573923"},"geometry":{"type":"LineString","coordinates":[[20.924749,52.298425],[20.9252723,52.2987554],[20.9253851,52.2988332],[20.9254763,52.2989124],[20.9255604,52.2989932],[20.9256396,52.2990886],[20.9257044,52.299187],[20.9257668,52.2993029],[20.9258196,52.2994057],[20.9258677,52.2995422]]}},{"type":"Feature","properties":{"railway":"rail","id":"way/458573924"},"geometry":{"type":"LineString","coordinates":[[20.9253035,52.2986335],[20.9254691,52.29877],[20.9255772,52.2988728],[20.9256684,52.2989829],[20.9257284,52.2990798],[20.9257764,52.2991826],[20.9258172,52.2992985],[20.9258412,52.2993925],[20.9258677,52.2995422],[20.9258797,52.2996582],[20.9258906,52.2997859]]}},{"type":"Feature","properties":{"railway":"rail","id":"way/458573925"},"geometry":{"type":"LineString","coordinates":[[20.9208086,52.295181],[20.9231696,52.2971083]]}},{"type":"Feature","properties":{"railway":"rail","id":"way/458573926"},"geometry":{"type":"LineString","coordinates":[[20.9231696,52.2971083],[20.9233433,52.2972221],[20.9235467,52.2973368],[20.9236657,52.2974049],[20.9237703,52.297476],[20.9239172,52.2975912],[20.9240546,52.2976944],[20.9242113,52.2978035],[20.9244013,52.2979285],[20.924592,52.2980564]]}},{"type":"Feature","properties":{"railway":"rail","id":"way/458573930"},"geometry":{"type":"LineString","coordinates":[[20.9248007,52.2980946],[20.9248739,52.2981557],[20.9250896,52.2983433],[20.9256217,52.2988177]]}},{"type":"Feature","properties":{"railway":"rail","id":"way/458573933"},"geometry":{"type":"LineString","coordinates":[[20.924592,52.2980564],[20.9247134,52.2981545],[20.9253035,52.2986335]]}},{"type":"Feature","properties":{"railway":"rail","id":"way/458576067"},"geometry":{"type":"LineString","coordinates":[[20.9258734,52.2999768],[20.9258163,52.3001662],[20.9257527,52.300377]]}},{"type":"Feature","properties":{"railway":"rail","id":"way/458576068"},"geometry":{"type":"LineString","coordinates":[[20.9257527,52.300377],[20.9256443,52.3005751],[20.9255638,52.3007221],[20.9254718,52.3008901],[20.9253447,52.3011379],[20.9250431,52.3016844],[20.9249406,52.3021332],[20.9249132,52.3025088],[20.9249089,52.3025676],[20.9248722,52.3027771],[20.9247825,52.3030051],[20.9244366,52.3036863]]}},{"type":"Feature","properties":{"highway":"trunk","name":"Pułkowa","id":"way/478549507"},"geometry":{"type":"LineString","coordinates":[[20.9281174,52.308661],[20.927856,52.3088127],[20.9276974,52.308904]]}},{"type":"Feature","properties":{"bridge":"yes","highway":"cycleway","layer":"1","id":"way/502113261"},"geometry":{"type":"LineString","coordinates":[[20.9803348,52.2809026],[20.980342,52.2808583],[20.9797197,52.2805945],[20.9797072,52.280573],[20.9797058,52.2805541],[20.9797228,52.2805296],[20.9797719,52.2805182],[20.9798405,52.2805358],[20.9803747,52.2808154],[20.9804074,52.2808224],[20.9804498,52.2808144],[20.980507,52.2807834],[20.9807569,52.2805855],[20.9809581,52.280418]]}},{"type":"Feature","properties":{"bridge":"yes","highway":"steps","layer":"1","id":"way/503371955"},"geometry":{"type":"LineString","coordinates":[[20.9804221,52.2808925],[20.9805651,52.2809516],[20.9805915,52.2809333],[20.9804389,52.2808556]]}},{"type":"Feature","properties":{"highway":"secondary","name":"Jana Kasprowicza","id":"way/515154181"},"geometry":{"type":"LineString","coordinates":[[20.9404865,52.2856772],[20.9405404,52.2856537],[20.9407251,52.2855624]]}},{"type":"Feature","properties":{"highway":"secondary","name":"Wólczyńska","id":"way/516569699"},"geometry":{"type":"LineString","coordinates":[[20.9223923,52.2816166],[20.92246,52.2816003],[20.9226344,52.2815581],[20.9228215,52.2815111]]}},{"type":"Feature","properties":{"highway":"secondary","name":"Wólczyńska","id":"way/516569700"},"geometry":{"type":"LineString","coordinates":[[20.9215964,52.2818042],[20.9221426,52.2816712],[20.9223923,52.2816166]]}},{"type":"Feature","properties":{"highway":"secondary","name":"Stefana Żeromskiego","id":"way/516609700"},"geometry":{"type":"LineString","coordinates":[[20.9402318,52.2778191],[20.9406013,52.2777783]]}},{"type":"Feature","properties":{"highway":"secondary","name":"Wólczyńska","id":"way/516609701"},"geometry":{"type":"LineString","coordinates":[[20.9380812,52.278084],[20.9386076,52.2780218],[20.9386949,52.2780115],[20.9387639,52.278004],[20.9389976,52.2779753]]}},{"type":"Feature","properties":{"highway":"secondary","name":"Stefana Żeromskiego","id":"way/516654431"},"geometry":{"type":"LineString","coordinates":[[20.9447573,52.2773127],[20.9454892,52.2772271]]}},{"type":"Feature","properties":{"highway":"secondary","name":"Stefana Żeromskiego","id":"way/516654432"},"geometry":{"type":"LineString","coordinates":[[20.9440213,52.2773917],[20.9446164,52.2773278],[20.9447573,52.2773127]]}},{"type":"Feature","properties":{"highway":"secondary","name":"Stefana Żeromskiego","id":"way/516654433"},"geometry":{"type":"LineString","coordinates":[[20.9420024,52.2776199],[20.9421634,52.2776011],[20.9422512,52.2775912],[20.9428753,52.2775206],[20.9434302,52.2774551],[20.9436586,52.277431],[20.9440213,52.2773917]]}},{"type":"Feature","properties":{"highway":"secondary","name":"Aleja Władysława Reymonta","id":"way/516761923"},"geometry":{"type":"LineString","coordinates":[[20.9386679,52.2769192],[20.9383377,52.2757496],[20.9383259,52.2757078],[20.9383121,52.2756586],[20.938274,52.2755057]]}},{"type":"Feature","properties":{"highway":"secondary","name":"Aleja Władysława Reymonta","id":"way/516761925"},"geometry":{"type":"LineString","coordinates":[[20.9406545,52.2849667],[20.9406091,52.2847687],[20.9405424,52.2845064]]}},{"type":"Feature","properties":{"highway":"secondary","name":"Aleja Władysława Reymonta","id":"way/516761926"},"geometry":{"type":"LineString","coordinates":[[20.9405424,52.2845064],[20.9404488,52.2841082],[20.9404221,52.2839668]]}},{"type":"Feature","properties":{"highway":"secondary","name":"Aleja Władysława Reymonta","id":"way/516761927"},"geometry":{"type":"LineString","coordinates":[[20.9399866,52.2813966],[20.9398963,52.2808645],[20.9398027,52.2805131],[20.9397923,52.2804734],[20.9397836,52.2804415],[20.9397536,52.2803336]]}},{"type":"Feature","properties":{"highway":"secondary","name":"Aleja Władysława Reymonta","id":"way/516761928"},"geometry":{"type":"LineString","coordinates":[[20.9401014,52.2820713],[20.940022,52.2816051],[20.9400145,52.2815608],[20.9400092,52.2815295],[20.9399866,52.2813966]]}},{"type":"Feature","properties":{"highway":"secondary","name":"Aleja Władysława Reymonta","id":"way/516761929"},"geometry":{"type":"LineString","coordinates":[[20.9397699,52.2797732],[20.9398987,52.2802211]]}},{"type":"Feature","properties":{"highway":"secondary","name":"Aleja Władysława Reymonta","id":"way/516761930"},"geometry":{"type":"LineString","coordinates":[[20.939271,52.2788201],[20.9390695,52.2781881],[20.9390566,52.2781476],[20.9390479,52.2781127],[20.9389976,52.2779753]]}},{"type":"Feature","properties":{"highway":"secondary","name":"Aleja Władysława Reymonta","id":"way/516761931"},"geometry":{"type":"LineString","coordinates":[[20.9387568,52.2762527],[20.9389279,52.2768836]]}},{"type":"Feature","properties":{"bridge":"yes","highway":"steps","layer":"1","id":"way/524620335"},"geometry":{"type":"LineString","coordinates":[[20.9834945,52.2955341],[20.9836709,52.2954641]]}},{"type":"Feature","properties":{"highway":"footway","tunnel":"building_passage","id":"way/525659701"},"geometry":{"type":"LineString","coordinates":[[20.9755073,52.2810506],[20.9757239,52.2810772]]}},{"type":"Feature","properties":{"highway":"footway","tunnel":"building_passage","id":"way/525659704"},"geometry":{"type":"LineString","coordinates":[[20.9756017,52.2807781],[20.975805,52.2807954]]}},{"type":"Feature","properties":{"highway":"footway","tunnel":"building_passage","id":"way/525659706"},"geometry":{"type":"LineString","coordinates":[[20.9758299,52.2807093],[20.9756267,52.2806916]]}},{"type":"Feature","properties":{"highway":"footway","layer":"-1","tunnel":"yes","id":"way/531235561"},"geometry":{"type":"LineString","coordinates":[[20.9356023,52.2858913],[20.9360217,52.2858736]]}},{"type":"Feature","properties":{"highway":"service","tunnel":"yes","id":"way/549525932"},"geometry":{"type":"LineString","coordinates":[[20.9744974,52.2784943],[20.9745194,52.2783355]]}},{"type":"Feature","properties":{"highway":"secondary","name":"Aleja Generał Marii Wittek","id":"way/603117114"},"geometry":{"type":"LineString","coordinates":[[20.934817,52.2984526],[20.934717,52.2983559]]}},{"type":"Feature","properties":{"bridge":"low_water_crossing","highway":"living_street","layer":"1","id":"way/606777394"},"geometry":{"type":"LineString","coordinates":[[20.9286438,52.2770185],[20.9287831,52.2770199]]}},{"type":"Feature","properties":{"bridge":"low_water_crossing","highway":"footway","layer":"1","id":"way/607025156"},"geometry":{"type":"LineString","coordinates":[[20.9286227,52.2769576],[20.9287548,52.2769448]]}},{"type":"Feature","properties":{"highway":"service","tunnel":"covered","id":"way/607032144"},"geometry":{"type":"LineString","coordinates":[[20.9301969,52.2786257],[20.9302806,52.2786481],[20.9303855,52.2786466],[20.9305439,52.2786352]]}},{"type":"Feature","properties":{"highway":"service","tunnel":"covered","id":"way/607032162"},"geometry":{"type":"LineString","coordinates":[[20.9300332,52.2788694],[20.9301274,52.2788009],[20.9302715,52.2786961]]}},{"type":"Feature","properties":{"highway":"service","tunnel":"covered","id":"way/607032165"},"geometry":{"type":"LineString","coordinates":[[20.9307683,52.2789738],[20.9303419,52.2787567],[20.9302715,52.2786961]]}},{"type":"Feature","properties":{"highway":"service","tunnel":"covered","id":"way/607032167"},"geometry":{"type":"LineString","coordinates":[[20.9303859,52.2787333],[20.9302715,52.2786961]]}},{"type":"Feature","properties":{"highway":"service","layer":"-1","tunnel":"covered","id":"way/607032169"},"geometry":{"type":"LineString","coordinates":[[20.9305439,52.2786352],[20.9309995,52.2788774]]}},{"type":"Feature","properties":{"highway":"service","tunnel":"covered","id":"way/607032172"},"geometry":{"type":"LineString","coordinates":[[20.9302806,52.2786481],[20.9304163,52.2787133]]}},{"type":"Feature","properties":{"highway":"service","tunnel":"covered","id":"way/607032174"},"geometry":{"type":"LineString","coordinates":[[20.9305439,52.2786352],[20.9307083,52.2785313],[20.9308552,52.2784276],[20.9310676,52.278291]]}},{"type":"Feature","properties":{"highway":"service","tunnel":"covered","id":"way/607032178"},"geometry":{"type":"LineString","coordinates":[[20.9300297,52.2787564],[20.9301274,52.2788009]]}},{"type":"Feature","properties":{"highway":"service","tunnel":"covered","id":"way/607032180"},"geometry":{"type":"LineString","coordinates":[[20.9301274,52.2788009],[20.9305863,52.2790327]]}},{"type":"Feature","properties":{"highway":"service","tunnel":"covered","id":"way/607032186"},"geometry":{"type":"LineString","coordinates":[[20.9307083,52.2785313],[20.9311625,52.2787967]]}},{"type":"Feature","properties":{"highway":"service","tunnel":"covered","id":"way/607032188"},"geometry":{"type":"LineString","coordinates":[[20.9308552,52.2784276],[20.9312993,52.2786918]]}},{"type":"Feature","properties":{"highway":"service","tunnel":"covered","id":"way/607032194"},"geometry":{"type":"LineString","coordinates":[[20.9302715,52.2786961],[20.9301969,52.2786257]]}},{"type":"Feature","properties":{"highway":"footway","tunnel":"covered","id":"way/607032202"},"geometry":{"type":"LineString","coordinates":[[20.9303047,52.2785426],[20.9303601,52.2785521],[20.9304295,52.2785784],[20.9304974,52.2786051],[20.9305428,52.2786057],[20.9305841,52.2785976],[20.9306944,52.2785269],[20.9308429,52.2784198],[20.930972,52.2783375],[20.9310451,52.2782833]]}},{"type":"Feature","properties":{"highway":"secondary","name":"Marymoncka","id":"way/612747598"},"geometry":{"type":"LineString","coordinates":[[20.9626996,52.2766029],[20.9617607,52.2775538],[20.9616616,52.2776521],[20.9616148,52.2777042],[20.9615742,52.2777473],[20.9614756,52.2778595]]}},{"type":"Feature","properties":{"highway":"secondary","name":"Marymoncka","id":"way/614556975"},"geometry":{"type":"LineString","coordinates":[[20.9613145,52.2777996],[20.9614141,52.2776886],[20.9614539,52.2776454],[20.962476,52.2765854],[20.9628332,52.2762048]]}},{"type":"Feature","properties":{"railway":"rail","id":"way/632120113"},"geometry":{"type":"LineString","coordinates":[[20.9169481,52.2933049],[20.9172007,52.2934703],[20.9173984,52.2936081],[20.9176,52.2937605],[20.9178136,52.2939322],[20.9179678,52.2940797],[20.9181774,52.2943143],[20.9183197,52.2945102],[20.9184344,52.2947617],[20.9185135,52.2950157],[20.9185412,52.2952237],[20.9185926,52.2955526],[20.918644,52.2957315],[20.9187335,52.2959286],[20.9188101,52.2960483],[20.9188842,52.2961475],[20.9189663,52.2962418],[20.9190631,52.2963361],[20.9230477,52.2995905],[20.923919,52.300302],[20.9240364,52.3004081],[20.924138,52.3005141],[20.9243531,52.3007698]]}},{"type":"Feature","properties":{"railway":"rail","id":"way/632120114"},"geometry":{"type":"LineString","coordinates":[[20.9230477,52.2995905],[20.9228775,52.2994014],[20.9227203,52.29923],[20.922563,52.2990856],[20.9215292,52.2982301]]}},{"type":"Feature","properties":{"railway":"rail","id":"way/632120115"},"geometry":{"type":"LineString","coordinates":[[20.9218518,52.2980848],[20.923498,52.2994158],[20.9248399,52.3005111],[20.9249846,52.3006425],[20.925064,52.3007481],[20.9251271,52.3008709],[20.9251574,52.300988],[20.9251668,52.3011108],[20.9251554,52.3012683],[20.9251208,52.3014074],[20.9250788,52.3015285],[20.9250431,52.3016844]]}},{"type":"Feature","properties":{"railway":"rail","id":"way/632120117"},"geometry":{"type":"LineString","coordinates":[[20.923498,52.2994158],[20.923224,52.2992488],[20.9229859,52.299106],[20.9227524,52.2989432],[20.921739,52.2981322]]}},{"type":"Feature","properties":{"railway":"rail","id":"way/632120119"},"geometry":{"type":"LineString","coordinates":[[20.919494,52.2967629],[20.9197075,52.2969783],[20.9198289,52.297104],[20.9199831,52.2972411],[20.923224,52.2998914],[20.9234202,52.3000342],[20.9235463,52.300117],[20.9238185,52.3002956]]}},{"type":"Feature","properties":{"highway":"secondary","name":"Jana Kasprowicza","id":"way/653456645"},"geometry":{"type":"LineString","coordinates":[[20.9365689,52.2878299],[20.9364255,52.2878958],[20.9359525,52.2881132]]}},{"type":"Feature","properties":{"highway":"secondary","name":"Jana Kasprowicza","id":"way/653456646"},"geometry":{"type":"LineString","coordinates":[[20.9377288,52.2873042],[20.9367673,52.2877399],[20.9367067,52.2877674],[20.9365689,52.2878299]]}},{"type":"Feature","properties":{"railway":"rail","id":"way/663806154"},"geometry":{"type":"LineString","coordinates":[[20.9235848,52.2984496],[20.9239971,52.2987862],[20.9251122,52.2996963],[20.9252456,52.2998178],[20.9253598,52.2999515],[20.9254446,52.3000912],[20.9255066,52.3002508],[20.925536,52.3004105],[20.925537,52.3004885],[20.925538,52.3005622],[20.9255149,52.3007139],[20.9254718,52.3008901]]}},{"type":"Feature","properties":{"railway":"rail","id":"way/663806155"},"geometry":{"type":"LineString","coordinates":[[20.9203039,52.2957715],[20.9235848,52.2984496]]}},{"type":"Feature","properties":{"railway":"rail","id":"way/663806156"},"geometry":{"type":"LineString","coordinates":[[20.9236308,52.2984083],[20.9239375,52.2986578],[20.924117,52.2987775],[20.9243063,52.2988893],[20.924476,52.2989771],[20.9246467,52.2990683],[20.9248012,52.2991594],[20.9249626,52.299266],[20.9251557,52.2994229],[20.9252781,52.2995321],[20.925392,52.2996414],[20.9254813,52.2997507],[20.9255462,52.2998555],[20.9255995,52.2999762],[20.9256369,52.3000996],[20.9256542,52.3002247],[20.9256513,52.3003728],[20.9256225,52.3005226],[20.9256142,52.3005508],[20.9255638,52.3007221]]}},{"type":"Feature","properties":{"railway":"rail","id":"way/663806157"},"geometry":{"type":"LineString","coordinates":[[20.9236308,52.2984083],[20.9237965,52.2985791],[20.9238592,52.2986471],[20.9239971,52.2987862]]}},{"type":"Feature","properties":{"railway":"rail","id":"way/663806158"},"geometry":{"type":"LineString","coordinates":[[20.9236308,52.2984083],[20.9214107,52.296596],[20.920366,52.2957432]]}},{"type":"Feature","properties":{"railway":"rail","id":"way/663806159"},"geometry":{"type":"LineString","coordinates":[[20.924706,52.3005034],[20.9247989,52.3005794],[20.9249076,52.3006791],[20.9249873,52.3007776],[20.9250433,52.3008803],[20.9250789,52.3010079],[20.9250993,52.301134],[20.9251035,52.3012657],[20.9250955,52.3013822],[20.9250788,52.3015285]]}},{"type":"Feature","properties":{"railway":"rail","id":"way/664917354"},"geometry":{"type":"LineString","coordinates":[[20.9263474,52.2964239],[20.9265829,52.2966212],[20.9269133,52.296898],[20.9270018,52.2969816],[20.9270796,52.297076],[20.9271413,52.297167],[20.9271869,52.2972539],[20.9272352,52.2973901],[20.9272486,52.2975246],[20.9272325,52.2976509],[20.9271762,52.2978805],[20.9271306,52.2980052],[20.927051,52.2981502]]}},{"type":"Feature","properties":{"railway":"rail","id":"way/664917355"},"geometry":{"type":"LineString","coordinates":[[20.9278789,52.2967887],[20.9271386,52.2981108],[20.9270528,52.2982289],[20.9269265,52.298377]]}},{"type":"Feature","properties":{"railway":"rail","id":"way/664917357"},"geometry":{"type":"LineString","coordinates":[[20.9268385,52.2973916],[20.9269257,52.297476],[20.9269948,52.2975536],[20.9270582,52.2976611],[20.9270928,52.2977527],[20.9271072,52.2978479],[20.9271015,52.2979537],[20.9270871,52.298033],[20.927051,52.2981502]]}},{"type":"Feature","properties":{"railway":"rail","id":"way/664917358"},"geometry":{"type":"LineString","coordinates":[[20.9262771,52.2976459],[20.9263654,52.2977283],[20.9264518,52.2978306],[20.926521,52.2979363],[20.9265902,52.298072],[20.9266334,52.2981883],[20.9266766,52.2983364],[20.9266915,52.298415],[20.9266997,52.298458],[20.9267026,52.2985849],[20.9266853,52.2987047],[20.9266612,52.2988026],[20.9266169,52.2989411]]}},{"type":"Feature","properties":{"railway":"rail","id":"way/664917360"},"geometry":{"type":"LineString","coordinates":[[20.9247083,52.2970322],[20.9262559,52.29828],[20.9263567,52.2983716],[20.9264077,52.2984312],[20.9264201,52.2984457],[20.9264835,52.2985514],[20.926521,52.2986589],[20.9265383,52.2987717],[20.926544,52.2989057],[20.9265296,52.2990184],[20.9264904,52.2991714]]}},{"type":"Feature","properties":{"railway":"rail","id":"way/664917365"},"geometry":{"type":"LineString","coordinates":[[20.927051,52.2981502],[20.9269265,52.298377],[20.9268465,52.2985228],[20.9267469,52.2987042],[20.9266169,52.2989411],[20.9264904,52.2991714],[20.9263719,52.2993873],[20.9257628,52.3004969],[20.9256967,52.3006173],[20.9256018,52.3007901]]}},{"type":"Feature","properties":{"railway":"rail","id":"way/664917367"},"geometry":{"type":"LineString","coordinates":[[20.9290518,52.2977753],[20.9273947,52.2985384],[20.9272534,52.2986054],[20.9271036,52.29869],[20.9269768,52.2987798],[20.9268702,52.2988561],[20.9267779,52.2989332],[20.9266799,52.2990248],[20.9265676,52.2991482],[20.9264726,52.299259],[20.9263719,52.2993873]]}},{"type":"Feature","properties":{"railway":"rail","id":"way/664917370"},"geometry":{"type":"LineString","coordinates":[[20.9259334,52.300047],[20.9257628,52.3004969]]}},{"type":"Feature","properties":{"railway":"rail","id":"way/664917372"},"geometry":{"type":"LineString","coordinates":[[20.9256018,52.3007901],[20.9253447,52.3011379]]}},{"type":"Feature","properties":{"railway":"rail","id":"way/664917374"},"geometry":{"type":"LineString","coordinates":[[20.9256018,52.3007901],[20.9251879,52.3015709],[20.925112,52.3017924],[20.9250827,52.301972],[20.9250583,52.302238],[20.9250508,52.3023192],[20.9250166,52.3025526],[20.9249458,52.3027842],[20.9247399,52.3032905]]}},{"type":"Feature","properties":{"railway":"rail","id":"way/664917382"},"geometry":{"type":"LineString","coordinates":[[20.9254897,52.2993903],[20.9255621,52.2994483],[20.9256461,52.2995291],[20.9257174,52.2996116],[20.9257683,52.2996941],[20.9258039,52.2997922],[20.9258293,52.2999276],[20.9258319,52.300035],[20.9258163,52.3001662]]}},{"type":"Feature","properties":{"railway":"rail","id":"way/664917384"},"geometry":{"type":"LineString","coordinates":[[20.9251506,52.2981954],[20.9256217,52.2988177],[20.9257604,52.299001],[20.9258249,52.2991113],[20.9258657,52.2992086],[20.9258893,52.2992868],[20.9259065,52.2993833],[20.9259108,52.2994635],[20.9259087,52.2995844],[20.9258906,52.2997859],[20.9258734,52.2999768]]}},{"type":"Feature","properties":{"railway":"rail","id":"way/664917387"},"geometry":{"type":"LineString","coordinates":[[20.925501,52.2990793],[20.9256003,52.2991758],[20.9256741,52.2992583],[20.9257352,52.2993517],[20.9257772,52.2994474],[20.9258039,52.2995416],[20.9258192,52.2996381],[20.9258293,52.2997408],[20.9258293,52.2999276]]}},{"type":"Feature","properties":{"railway":"rail","id":"way/664917389"},"geometry":{"type":"LineString","coordinates":[[20.9244318,52.3006227],[20.924484,52.3006654],[20.9245885,52.3007632],[20.9246864,52.300865],[20.9247679,52.3009728],[20.9248332,52.3010825],[20.9248756,52.3011963],[20.9249083,52.3013319],[20.924918,52.3014696],[20.9249083,52.3016093],[20.924901,52.3018817]]}},{"type":"Feature","properties":{"railway":"rail","id":"way/664917394"},"geometry":{"type":"LineString","coordinates":[[20.9185592,52.2944609],[20.9187609,52.2945437],[20.9196222,52.2948887],[20.9197959,52.2949664],[20.9199442,52.2950441],[20.9200967,52.2951426],[20.9201474,52.2951841],[20.9202211,52.2952444],[20.9237522,52.2981336]]}},{"type":"Feature","properties":{"bridge":"yes","highway":"footway","layer":"1","id":"way/680758099"},"geometry":{"type":"LineString","coordinates":[[20.9835034,52.2955639],[20.9834792,52.2955401]]}},{"type":"Feature","properties":{"highway":"secondary","name":"Marymoncka","id":"way/683100755"},"geometry":{"type":"LineString","coordinates":[[20.9494796,52.290357],[20.9499191,52.289881],[20.9499561,52.2898409],[20.9500717,52.2897206],[20.9501466,52.28964]]}},{"type":"Feature","properties":{"highway":"secondary","name":"Marymoncka","id":"way/683308725"},"geometry":{"type":"LineString","coordinates":[[20.9634945,52.2757805],[20.9632951,52.2759762],[20.9626996,52.2766029]]}},{"type":"Feature","properties":{"highway":"secondary","name":"Marymoncka","id":"way/683308726"},"geometry":{"type":"LineString","coordinates":[[20.9612427,52.2778816],[20.9613145,52.2777996]]}},{"type":"Feature","properties":{"highway":"secondary","name":"Marymoncka","id":"way/683308728"},"geometry":{"type":"LineString","coordinates":[[20.9459426,52.2943971],[20.9454335,52.294965],[20.9453929,52.2950083],[20.945263,52.2951429]]}},{"type":"Feature","properties":{"highway":"secondary","name":"Marymoncka","id":"way/683308729"},"geometry":{"type":"LineString","coordinates":[[20.9519455,52.2880011],[20.9517445,52.2882178],[20.9516616,52.2883075]]}},{"type":"Feature","properties":{"highway":"secondary","name":"Marymoncka","id":"way/683308730"},"geometry":{"type":"LineString","coordinates":[[20.9516616,52.2883075],[20.9510341,52.2889673]]}},{"type":"Feature","properties":{"highway":"secondary","name":"Marymoncka","id":"way/683308731"},"geometry":{"type":"LineString","coordinates":[[20.9524986,52.2874171],[20.9524319,52.2874839],[20.9523751,52.2875554]]}},{"type":"Feature","properties":{"highway":"secondary","name":"Marymoncka","id":"way/683308739"},"geometry":{"type":"LineString","coordinates":[[20.9588597,52.2804213],[20.9590944,52.2801676],[20.9599076,52.2793026],[20.9599517,52.2792566],[20.9601589,52.2790171]]}},{"type":"Feature","properties":{"highway":"secondary","name":"Marymoncka","id":"way/683308740"},"geometry":{"type":"LineString","coordinates":[[20.9584909,52.2808047],[20.9585115,52.2807852],[20.958751,52.2805361],[20.9588597,52.2804213]]}},{"type":"Feature","properties":{"highway":"secondary","name":"Marymoncka","id":"way/683308741"},"geometry":{"type":"LineString","coordinates":[[20.9578174,52.2814952],[20.9579387,52.2813561],[20.9582288,52.2810472],[20.9582696,52.2810057],[20.9583799,52.2809027]]}},{"type":"Feature","properties":{"bridge":"yes","highway":"cycleway","layer":"1","id":"way/689469545"},"geometry":{"type":"LineString","coordinates":[[20.9387162,52.301357],[20.9388282,52.301143]]}},{"type":"Feature","properties":{"layer":"-1","tunnel":"yes","id":"way/722536261"},"geometry":{"type":"LineString","coordinates":[[20.9470755,52.3033992],[20.9558361,52.3081939],[20.9577427,52.3091256],[20.9597487,52.3099655],[20.9618031,52.3107084]]}},{"type":"Feature","properties":{"layer":"-1","railway":"subway","tunnel":"yes","id":"way/725681090"},"geometry":{"type":"LineString","coordinates":[[20.928198,52.2915127],[20.9281334,52.2915414],[20.9280697,52.2915679],[20.9280031,52.2915947],[20.9279367,52.2916195],[20.9276642,52.2917184],[20.927597,52.2917435],[20.9275318,52.2917698],[20.9274676,52.2917965],[20.9274072,52.2918237],[20.9256577,52.2926298]]}},{"type":"Feature","properties":{"layer":"-1","railway":"subway","tunnel":"yes","id":"way/725681091"},"geometry":{"type":"LineString","coordinates":[[20.9282403,52.2915473],[20.9281775,52.2915769],[20.9281175,52.2916072],[20.9280577,52.2916394],[20.9280004,52.2916714],[20.9277697,52.2918045],[20.9277138,52.2918362],[20.9276553,52.2918673],[20.9275946,52.2918976],[20.9275333,52.2919265],[20.9257839,52.2927327]]}},{"type":"Feature","properties":{"layer":"-1","railway":"subway","tunnel":"yes","id":"way/725681094"},"geometry":{"type":"LineString","coordinates":[[20.9290724,52.2911098],[20.9283151,52.2914588],[20.928198,52.2915127],[20.9279474,52.2916282],[20.9256996,52.2926639]]}},{"type":"Feature","properties":{"layer":"-1","railway":"subway","tunnel":"yes","id":"way/725681095"},"geometry":{"type":"LineString","coordinates":[[20.9291147,52.2911443],[20.9283575,52.2914933],[20.9282403,52.2915473],[20.9279898,52.2916628],[20.9257419,52.2926985]]}},{"type":"Feature","properties":{"layer":"-1","railway":"subway","tunnel":"yes","id":"way/725681096"},"geometry":{"type":"LineString","coordinates":[[20.9593329,52.2771674],[20.9592704,52.2771973],[20.9592112,52.277228],[20.9591512,52.2772601],[20.9590939,52.2772921],[20.9589251,52.2773899],[20.9588608,52.2774272],[20.9588041,52.2774593],[20.9587439,52.2774911],[20.9586852,52.2775215],[20.9586216,52.2775517]]}},{"type":"Feature","properties":{"highway":"secondary","name":"Marymoncka","id":"way/763061607"},"geometry":{"type":"LineString","coordinates":[[20.9614756,52.2778595],[20.9614089,52.277937]]}},{"type":"Feature","properties":{"tunnel":"culvert","waterway":"drain","id":"way/770438771"},"geometry":{"type":"LineString","coordinates":[[20.9771225,52.2956499],[20.9768524,52.2955457]]}},{"type":"Feature","properties":{"tunnel":"culvert","waterway":"drain","id":"way/770438772"},"geometry":{"type":"LineString","coordinates":[[20.9765526,52.2957779],[20.9764122,52.2957323]]}},{"type":"Feature","properties":{"highway":"footway","tunnel":"building_passage","id":"way/771770384"},"geometry":{"type":"LineString","coordinates":[[20.9345327,52.2838524],[20.9343538,52.2838578]]}},{"type":"Feature","properties":{"highway":"footway","tunnel":"building_passage","id":"way/771770387"},"geometry":{"type":"LineString","coordinates":[[20.9301339,52.2835405],[20.9299425,52.2835427]]}},{"type":"Feature","properties":{"bridge":"yes","highway":"footway","layer":"1","id":"way/772538542"},"geometry":{"type":"LineString","coordinates":[[20.9318532,52.2804667],[20.9317513,52.2804655]]}},{"type":"Feature","properties":{"highway":"footway","tunnel":"building_passage","id":"way/772538566"},"geometry":{"type":"LineString","coordinates":[[20.9314764,52.284713],[20.9316373,52.2847097]]}},{"type":"Feature","properties":{"highway":"motorway","name":"Aleja Armii Krajowej","id":"way/822685467"},"geometry":{"type":"LineString","coordinates":[[20.9723067,52.2762527],[20.9744116,52.2773788]]}},{"type":"Feature","properties":{"bridge":"yes","highway":"path","layer":"1","id":"way/833118408"},"geometry":{"type":"LineString","coordinates":[[20.9553435,52.2932295],[20.9552935,52.2933131]]}},{"type":"Feature","properties":{"highway":"footway","tunnel":"building_passage","id":"way/846240784"},"geometry":{"type":"LineString","coordinates":[[20.9292778,52.2911298],[20.9291577,52.291021]]}},{"type":"Feature","properties":{"bridge":"yes","highway":"footway","layer":"1","id":"way/846240807"},"geometry":{"type":"LineString","coordinates":[[20.9280002,52.291061],[20.9279659,52.2910759]]}},{"type":"Feature","properties":{"bridge":"yes","highway":"footway","layer":"1","id":"way/846240818"},"geometry":{"type":"LineString","coordinates":[[20.928479,52.2914538],[20.9284507,52.2914666],[20.9283706,52.2915025]]}},{"type":"Feature","properties":{"bridge":"yes","highway":"footway","layer":"1","id":"way/846240819"},"geometry":{"type":"LineString","coordinates":[[20.9284916,52.2914641],[20.9283835,52.2915132]]}},{"type":"Feature","properties":{"bridge":"yes","highway":"footway","layer":"1","id":"way/846240820"},"geometry":{"type":"LineString","coordinates":[[20.9284341,52.291417],[20.9283254,52.2914651]]}},{"type":"Feature","properties":{"bridge":"yes","highway":"footway","layer":"1","id":"way/846240828"},"geometry":{"type":"LineString","coordinates":[[20.9279659,52.2910759],[20.9278952,52.2911084]]}},{"type":"Feature","properties":{"bridge":"yes","highway":"footway","layer":"1","id":"way/846240829"},"geometry":{"type":"LineString","coordinates":[[20.9280129,52.2910715],[20.9279076,52.2911187]]}},{"type":"Feature","properties":{"bridge":"yes","highway":"footway","layer":"1","id":"way/846240830"},"geometry":{"type":"LineString","coordinates":[[20.9279474,52.2910178],[20.9278452,52.291067]]}},{"type":"Feature","properties":{"bridge":"yes","highway":"footway","layer":"1","id":"way/846240831"},"geometry":{"type":"LineString","coordinates":[[20.9276214,52.2907073],[20.9275862,52.290724]]}},{"type":"Feature","properties":{"bridge":"yes","highway":"path","layer":"1","id":"way/868429057"},"geometry":{"type":"LineString","coordinates":[[20.9564053,52.2935859],[20.9564711,52.2935487]]}},{"type":"Feature","properties":{"highway":"footway","tunnel":"building_passage","id":"way/889059698"},"geometry":{"type":"LineString","coordinates":[[20.9715154,52.2786221],[20.9714762,52.2786828],[20.971441,52.2787372]]}},{"type":"Feature","properties":{"tunnel":"culvert","waterway":"ditch","id":"way/894866341"},"geometry":{"type":"LineString","coordinates":[[20.9531754,52.3073253],[20.9530907,52.3072863]]}},{"type":"Feature","properties":{"highway":"service","tunnel":"building_passage","id":"way/914497649"},"geometry":{"type":"LineString","coordinates":[[20.9856613,52.2781838],[20.9856093,52.2782172]]}},{"type":"Feature","properties":{"layer":"-1","tunnel":"culvert","waterway":"drain","id":"way/923185198"},"geometry":{"type":"LineString","coordinates":[[20.9448412,52.3042754],[20.9492776,52.3037747],[20.9493448,52.3037785],[20.9521331,52.3041887]]}},{"type":"Feature","properties":{"bridge":"yes","highway":"path","layer":"1","id":"way/932155180"},"geometry":{"type":"LineString","coordinates":[[20.9741929,52.2874887],[20.9741034,52.287459]]}},{"type":"Feature","properties":{"bridge":"yes","highway":"footway","layer":"2","id":"way/969845863"},"geometry":{"type":"LineString","coordinates":[[20.9470111,52.30227],[20.9468078,52.3018878]]}},{"type":"Feature","properties":{"layer":"-1","name":"Rudawka","tunnel":"culvert","waterway":"stream","id":"way/973156326"},"geometry":{"type":"LineString","coordinates":[[20.9715054,52.2900465],[20.9714432,52.290088]]}},{"type":"Feature","properties":{"highway":"service","tunnel":"building_passage","id":"way/976020634"},"geometry":{"type":"LineString","coordinates":[[20.9267414,52.2813729],[20.9265798,52.2813762]]}},{"type":"Feature","properties":{"highway":"footway","tunnel":"building_passage","id":"way/976020640"},"geometry":{"type":"LineString","coordinates":[[20.9267427,52.281403],[20.926581,52.2814031]]}},{"type":"Feature","properties":{"highway":"footway","tunnel":"building_passage","id":"way/976020642"},"geometry":{"type":"LineString","coordinates":[[20.9272532,52.2811101],[20.927126,52.2811439]]}},{"type":"Feature","properties":{"highway":"trunk","name":"Wybrzeże Gdyńskie","id":"way/976730468"},"geometry":{"type":"LineString","coordinates":[[20.9678488,52.2943739],[20.9664623,52.2949399]]}},{"type":"Feature","properties":{"highway":"trunk","name":"Wybrzeże Gdyńskie","id":"way/976730469"},"geometry":{"type":"LineString","coordinates":[[20.970778,52.2931712],[20.9695773,52.2936574],[20.9686738,52.294032],[20.9678488,52.2943739]]}},{"type":"Feature","properties":{"highway":"trunk","name":"Wybrzeże Gdyńskie","id":"way/976730470"},"geometry":{"type":"LineString","coordinates":[[20.9715604,52.2928489],[20.970778,52.2931712]]}},{"type":"Feature","properties":{"highway":"trunk","name":"Wybrzeże Gdyńskie","id":"way/976730471"},"geometry":{"type":"LineString","coordinates":[[20.9737837,52.2919352],[20.9729003,52.2923025],[20.9715604,52.2928489]]}},{"type":"Feature","properties":{"highway":"trunk","name":"Wybrzeże Gdyńskie","id":"way/976730472"},"geometry":{"type":"LineString","coordinates":[[20.9757569,52.2911259],[20.975703,52.2911481],[20.9747487,52.2915414],[20.9747111,52.2915569],[20.9737837,52.2919352]]}},{"type":"Feature","properties":{"highway":"trunk","name":"Wybrzeże Gdyńskie","id":"way/976730473"},"geometry":{"type":"LineString","coordinates":[[20.9781553,52.2901409],[20.9771476,52.2905542],[20.9762759,52.2909107]]}},{"type":"Feature","properties":{"highway":"trunk","name":"Wybrzeże Gdyńskie","id":"way/976730474"},"geometry":{"type":"LineString","coordinates":[[20.9797687,52.2894689],[20.9791737,52.2897219],[20.9781553,52.2901409]]}},{"type":"Feature","properties":{"highway":"trunk","name":"Pułkowa","id":"way/976738064"},"geometry":{"type":"LineString","coordinates":[[20.9296105,52.3078503],[20.9291716,52.3080867]]}},{"type":"Feature","properties":{"highway":"trunk","name":"Pułkowa","id":"way/976738065"},"geometry":{"type":"LineString","coordinates":[[20.9306919,52.3072656],[20.9300839,52.3075932],[20.9296105,52.3078503]]}},{"type":"Feature","properties":{"highway":"trunk","name":"Pułkowa","id":"way/976738066"},"geometry":{"type":"LineString","coordinates":[[20.9318913,52.3066156],[20.9308266,52.3071957],[20.9306919,52.3072656]]}},{"type":"Feature","properties":{"highway":"trunk","name":"Pułkowa","id":"way/976738067"},"geometry":{"type":"LineString","coordinates":[[20.9332135,52.3059234],[20.933059,52.3060073],[20.9325103,52.3063056],[20.9318913,52.3066156]]}},{"type":"Feature","properties":{"highway":"trunk","name":"Wybrzeże Gdyńskie","id":"way/976738068"},"geometry":{"type":"LineString","coordinates":[[20.9405443,52.3031602],[20.9401921,52.3032144],[20.9392481,52.3033596]]}},{"type":"Feature","properties":{"highway":"trunk","name":"Wybrzeże Gdyńskie","id":"way/976738069"},"geometry":{"type":"LineString","coordinates":[[20.9371549,52.3038764],[20.936926,52.3039635],[20.9367402,52.3040414],[20.9365929,52.3041058],[20.9363825,52.3042042],[20.936166,52.3043125],[20.9358881,52.3044556],[20.9351109,52.3048734],[20.934199,52.3053686]]}},{"type":"Feature","properties":{"highway":"trunk","name":"Pułkowa","id":"way/976764555"},"geometry":{"type":"LineString","coordinates":[[20.928691,52.308348],[20.9281174,52.308661]]}},{"type":"Feature","properties":{"highway":"trunk","name":"Pułkowa","id":"way/976764556"},"geometry":{"type":"LineString","coordinates":[[20.9290307,52.308163],[20.928691,52.308348]]}},{"type":"Feature","properties":{"highway":"trunk","name":"Pułkowa","id":"way/976764557"},"geometry":{"type":"LineString","coordinates":[[20.9291716,52.3080867],[20.9290307,52.308163]]}},{"type":"Feature","properties":{"layer":"-1","railway":"tram","tunnel":"yes","id":"way/980378355"},"geometry":{"type":"LineString","coordinates":[[20.9303892,52.2986345],[20.9315548,52.2995837]]}},{"type":"Feature","properties":{"layer":"-1","railway":"tram","tunnel":"yes","id":"way/980378357"},"geometry":{"type":"LineString","coordinates":[[20.9303041,52.2986768],[20.9314646,52.2996225]]}},{"type":"Feature","properties":{"layer":"-1","railway":"tram","tunnel":"yes","id":"way/980378358"},"geometry":{"type":"LineString","coordinates":[[20.9302537,52.2987008],[20.9314155,52.2996473]]}},{"type":"Feature","properties":{"layer":"-1","railway":"tram","tunnel":"yes","id":"way/980378359"},"geometry":{"type":"LineString","coordinates":[[20.9302109,52.2987203],[20.9313723,52.2996673]]}},{"type":"Feature","properties":{"layer":"-1","railway":"tram","tunnel":"yes","id":"way/980378360"},"geometry":{"type":"LineString","coordinates":[[20.9301658,52.2987403],[20.9313293,52.2996875]]}},{"type":"Feature","properties":{"layer":"-1","railway":"tram","tunnel":"yes","id":"way/980378361"},"geometry":{"type":"LineString","coordinates":[[20.9301109,52.2987617],[20.9312761,52.2997121]]}},{"type":"Feature","properties":{"layer":"-1","railway":"tram","tunnel":"yes","id":"way/980378362"},"geometry":{"type":"LineString","coordinates":[[20.9300698,52.2987852],[20.9312331,52.2997312]]}},{"type":"Feature","properties":{"layer":"-1","railway":"tram","tunnel":"yes","id":"way/980378363"},"geometry":{"type":"LineString","coordinates":[[20.9300277,52.2988036],[20.9311887,52.299752]]}},{"type":"Feature","properties":{"layer":"-1","railway":"tram","tunnel":"yes","id":"way/980378364"},"geometry":{"type":"LineString","coordinates":[[20.9299767,52.2988243],[20.9311433,52.2997731]]}},{"type":"Feature","properties":{"layer":"-1","railway":"tram","tunnel":"yes","id":"way/980378365"},"geometry":{"type":"LineString","coordinates":[[20.9299323,52.2988435],[20.9310987,52.299793]]}},{"type":"Feature","properties":{"layer":"-1","railway":"tram","tunnel":"yes","id":"way/980378375"},"geometry":{"type":"LineString","coordinates":[[20.9303503,52.2986545],[20.9315096,52.2996031]]}},{"type":"Feature","properties":{"layer":"-1","railway":"tram","tunnel":"yes","id":"way/980378377"},"geometry":{"type":"LineString","coordinates":[[20.9304794,52.2985948],[20.9316409,52.2995416]]}},{"type":"Feature","properties":{"layer":"-1","railway":"tram","tunnel":"yes","id":"way/980378380"},"geometry":{"type":"LineString","coordinates":[[20.9305258,52.2985716],[20.931688,52.299519]]}},{"type":"Feature","properties":{"layer":"-1","railway":"tram","tunnel":"yes","id":"way/980378382"},"geometry":{"type":"LineString","coordinates":[[20.9305658,52.2985557],[20.9317285,52.2995006]]}},{"type":"Feature","properties":{"layer":"-1","railway":"tram","tunnel":"yes","id":"way/980378384"},"geometry":{"type":"LineString","coordinates":[[20.9306041,52.298537],[20.9317652,52.299484]]}},{"type":"Feature","properties":{"layer":"-1","railway":"tram","tunnel":"yes","id":"way/980378386"},"geometry":{"type":"LineString","coordinates":[[20.9306414,52.2985207],[20.9318003,52.2994675]]}},{"type":"Feature","properties":{"layer":"-1","railway":"tram","tunnel":"yes","id":"way/980378388"},"geometry":{"type":"LineString","coordinates":[[20.9307133,52.2984859],[20.9318716,52.2994345]]}},{"type":"Feature","properties":{"layer":"-1","railway":"tram","tunnel":"yes","id":"way/980378390"},"geometry":{"type":"LineString","coordinates":[[20.9306774,52.2985026],[20.9318357,52.299451]]}},{"type":"Feature","properties":{"layer":"-1","railway":"tram","tunnel":"yes","id":"way/980378392"},"geometry":{"type":"LineString","coordinates":[[20.9307489,52.298471],[20.9319071,52.2994178]]}},{"type":"Feature","properties":{"layer":"-1","railway":"tram","tunnel":"yes","id":"way/980378399"},"geometry":{"type":"LineString","coordinates":[[20.9298912,52.2988684],[20.9310512,52.2998151]]}},{"type":"Feature","properties":{"railway":"rail","id":"way/980385590"},"geometry":{"type":"LineString","coordinates":[[20.9255621,52.2963551],[20.9268385,52.2973916]]}},{"type":"Feature","properties":{"railway":"rail","id":"way/980385591"},"geometry":{"type":"LineString","coordinates":[[20.9250054,52.2966047],[20.9262771,52.2976459]]}},{"type":"Feature","properties":{"railway":"rail","id":"way/980385593"},"geometry":{"type":"LineString","coordinates":[[20.9232081,52.2996198],[20.9244318,52.3006227]]}},{"type":"Feature","properties":{"railway":"rail","id":"way/980385594"},"geometry":{"type":"LineString","coordinates":[[20.9234744,52.2994961],[20.924706,52.3005034]]}},{"type":"Feature","properties":{"railway":"rail","id":"way/980385595"},"geometry":{"type":"LineString","coordinates":[[20.9248344,52.2988656],[20.9254897,52.2993903]]}},{"type":"Feature","properties":{"railway":"rail","id":"way/980385678"},"geometry":{"type":"LineString","coordinates":[[20.9285773,52.297316],[20.929002,52.2971235]]}},{"type":"Feature","properties":{"railway":"rail","id":"way/980385679"},"geometry":{"type":"LineString","coordinates":[[20.9290548,52.2971618],[20.9286236,52.2973577]]}},{"type":"Feature","properties":{"railway":"rail","id":"way/980385680"},"geometry":{"type":"LineString","coordinates":[[20.9286866,52.2974339],[20.9291579,52.2972121]]}},{"type":"Feature","properties":{"highway":"secondary","name":"Marymoncka","id":"way/1007050873"},"geometry":{"type":"LineString","coordinates":[[20.9583799,52.2809027],[20.9584909,52.2808047]]}},{"type":"Feature","properties":{"highway":"secondary","name":"Jana Kasprowicza","id":"way/1012607598"},"geometry":{"type":"LineString","coordinates":[[20.9336194,52.2888215],[20.9337481,52.2887608]]}},{"type":"Feature","properties":{"highway":"secondary","name":"Jana Kasprowicza","id":"way/1012607599"},"geometry":{"type":"LineString","coordinates":[[20.9379906,52.2868243],[20.9380462,52.2867987],[20.9381766,52.2867392]]}},{"type":"Feature","properties":{"highway":"secondary","name":"Wólczyńska","id":"way/1012768420"},"geometry":{"type":"LineString","coordinates":[[20.9316216,52.2789374],[20.9318298,52.2788805],[20.93193,52.2788596],[20.932181,52.2788072],[20.9324733,52.2787461],[20.9326277,52.2787139],[20.9329074,52.2786723],[20.9329488,52.2786661],[20.9335225,52.2785962],[20.9335781,52.2785894]]}},{"type":"Feature","properties":{"highway":"secondary","name":"Stefana Żeromskiego","id":"way/1012768421"},"geometry":{"type":"LineString","coordinates":[[20.9392462,52.2779224],[20.93944,52.2779019]]}},{"type":"Feature","properties":{"bridge":"yes","highway":"service","layer":"1","id":"way/1012772253"},"geometry":{"type":"LineString","coordinates":[[20.9339563,52.2810165],[20.9338691,52.2809277]]}},{"type":"Feature","properties":{"highway":"secondary","name":"Marymoncka","id":"way/1039201420"},"geometry":{"type":"LineString","coordinates":[[20.9465793,52.2936943],[20.9459426,52.2943971]]}},{"type":"Feature","properties":{"layer":"-1","railway":"subway","tunnel":"yes","id":"way/1051911219"},"geometry":{"type":"LineString","coordinates":[[20.9290724,52.2911098],[20.9291428,52.2910774],[20.9298466,52.2907531],[20.9305504,52.2904287],[20.9307613,52.2903315],[20.9385903,52.2867419],[20.9387874,52.2866521],[20.9394941,52.2863301],[20.9402007,52.2860081],[20.9404868,52.2858778],[20.9441051,52.2842284],[20.9445527,52.2840243],[20.9449468,52.2838439],[20.9453392,52.2836622],[20.9457313,52.2834803],[20.9476921,52.2825705],[20.948628,52.2821362],[20.9493299,52.2818105],[20.9500318,52.2814847],[20.9583503,52.2776235],[20.9591328,52.2772604],[20.9593329,52.2771674]]}},{"type":"Feature","properties":{"layer":"-1","railway":"subway","tunnel":"yes","id":"way/1051911220"},"geometry":{"type":"LineString","coordinates":[[20.9586216,52.2775517],[20.9583926,52.277658],[20.9500743,52.2815191],[20.9493724,52.2818449],[20.9486704,52.2821706],[20.9477346,52.2826049],[20.9457736,52.2835148],[20.9453813,52.2836968],[20.9449888,52.2838785],[20.9445947,52.2840589],[20.9441471,52.2842631],[20.9405288,52.2859124],[20.9402426,52.2860428],[20.939536,52.2863647],[20.9388294,52.2866867],[20.9386322,52.2867765],[20.9308034,52.2903662],[20.9305927,52.2904632],[20.9298889,52.2907876],[20.9291851,52.2911119],[20.9291147,52.2911443]]}},{"type":"Feature","properties":{"highway":"trunk","name":"Wybrzeże Gdyńskie","id":"way/1063125023"},"geometry":{"type":"LineString","coordinates":[[20.9761571,52.2908042],[20.9780247,52.2900385]]}},{"type":"Feature","properties":{"highway":"trunk","name":"Wybrzeże Gdyńskie","id":"way/1063125024"},"geometry":{"type":"LineString","coordinates":[[20.9780247,52.2900385],[20.9785212,52.2898333],[20.9796868,52.2893507]]}},{"type":"Feature","properties":{"highway":"trunk","name":"Wybrzeże Gdyńskie","id":"way/1063125025"},"geometry":{"type":"LineString","coordinates":[[20.973658,52.2918315],[20.9746143,52.2914405],[20.9747024,52.2914042],[20.9755963,52.2910361],[20.9756384,52.2910188]]}},{"type":"Feature","properties":{"highway":"trunk","name":"Wybrzeże Gdyńskie","id":"way/1063125026"},"geometry":{"type":"LineString","coordinates":[[20.9722495,52.2924125],[20.973658,52.2918315]]}},{"type":"Feature","properties":{"highway":"trunk","name":"Wybrzeże Gdyńskie","id":"way/1063125027"},"geometry":{"type":"LineString","coordinates":[[20.9429246,52.3026818],[20.9436246,52.3025655],[20.9444671,52.3024332],[20.9454281,52.3022806]]}},{"type":"Feature","properties":{"highway":"trunk","name":"Wybrzeże Gdyńskie","id":"way/1073435402"},"geometry":{"type":"LineString","coordinates":[[20.9354096,52.3044578],[20.9360044,52.3041903]]}},{"type":"Feature","properties":{"highway":"trunk","name":"Wybrzeże Gdyńskie","id":"way/1073539039"},"geometry":{"type":"LineString","coordinates":[[20.9477662,52.3018278],[20.9480736,52.3017537]]}},{"type":"Feature","properties":{"highway":"trunk","name":"Wybrzeże Gdyńskie","id":"way/1073539040"},"geometry":{"type":"LineString","coordinates":[[20.9480736,52.3017537],[20.9482427,52.3017152],[20.9485528,52.3016397],[20.9489379,52.3015445],[20.9497083,52.301347],[20.9515815,52.3008668]]}},{"type":"Feature","properties":{"highway":"trunk","name":"Wybrzeże Gdyńskie","id":"way/1073539041"},"geometry":{"type":"LineString","coordinates":[[20.9454281,52.3022806],[20.9458326,52.302213],[20.9461654,52.3021542],[20.9464149,52.3021084],[20.9467964,52.3020328]]}},{"type":"Feature","properties":{"highway":"service","tunnel":"building_passage","id":"way/1079632112"},"geometry":{"type":"LineString","coordinates":[[20.9226685,52.2806498],[20.9228477,52.2806073]]}},{"type":"Feature","properties":{"bridge":"yes","highway":"footway","layer":"1","id":"way/1080804633"},"geometry":{"type":"LineString","coordinates":[[20.9809396,52.2965794],[20.9809231,52.2965634],[20.9809427,52.2965223]]}},{"type":"Feature","properties":{"bridge":"yes","highway":"footway","layer":"1","id":"way/1080804634"},"geometry":{"type":"LineString","coordinates":[[20.9834205,52.2955381],[20.9834792,52.2955401],[20.9834945,52.2955341]]}},{"type":"Feature","properties":{"highway":"service","layer":"-1","tunnel":"building_passage","id":"way/1083210047"},"geometry":{"type":"LineString","coordinates":[[20.9575767,52.2815581],[20.9574154,52.2815002]]}},{"type":"Feature","properties":{"highway":"footway","layer":"-1","tunnel":"building_passage","id":"way/1083833593"},"geometry":{"type":"LineString","coordinates":[[20.9562851,52.2841405],[20.9561699,52.2840983]]}},{"type":"Feature","properties":{"highway":"footway","layer":"-1","tunnel":"building_passage","id":"way/1083887098"},"geometry":{"type":"LineString","coordinates":[[20.9660381,52.2814716],[20.9659987,52.2815441]]}},{"type":"Feature","properties":{"bridge":"yes","highway":"steps","id":"way/1085077301"},"geometry":{"type":"LineString","coordinates":[[20.9854384,52.2832854],[20.9855427,52.2832837],[20.9856579,52.2832378]]}},{"type":"Feature","properties":{"bridge":"yes","highway":"footway","layer":"1","id":"way/1092460965"},"geometry":{"type":"LineString","coordinates":[[20.9807207,52.2966661],[20.9807428,52.2966877]]}},{"type":"Feature","properties":{"layer":"-1","tunnel":"culvert","waterway":"ditch","id":"way/1105491927"},"geometry":{"type":"LineString","coordinates":[[20.9651831,52.3064591],[20.9650962,52.3064568]]}},{"type":"Feature","properties":{"bridge":"yes","highway":"platform","layer":"1","id":"way/1107551105"},"geometry":{"type":"LineString","coordinates":[[20.9770922,52.2790565],[20.9775516,52.2789165]]}},{"type":"Feature","properties":{"bridge":"yes","highway":"platform","layer":"1","id":"way/1107683356"},"geometry":{"type":"LineString","coordinates":[[20.9768659,52.2788491],[20.9773472,52.2787029]]}},{"type":"Feature","properties":{"highway":"service","tunnel":"building_passage","id":"way/1136776130"},"geometry":{"type":"LineString","coordinates":[[20.9279775,52.2854297],[20.9278747,52.2854745]]}},{"type":"Feature","properties":{"highway":"service","tunnel":"building_passage","id":"way/1136776131"},"geometry":{"type":"LineString","coordinates":[[20.9287177,52.2852814],[20.928605,52.2853347]]}},{"type":"Feature","properties":{"bridge":"yes","highway":"path","layer":"1","id":"way/1143882595"},"geometry":{"type":"LineString","coordinates":[[20.9495378,52.2882579],[20.9494768,52.2883145]]}},{"type":"Feature","properties":{"highway":"service","tunnel":"building_passage","id":"way/1169803098"},"geometry":{"type":"LineString","coordinates":[[20.9507638,52.2876829],[20.9508711,52.2875629]]}},{"type":"Feature","properties":{"highway":"service","tunnel":"building_passage","id":"way/1172679516"},"geometry":{"type":"LineString","coordinates":[[20.92624,52.2835678],[20.9261106,52.2834598]]}},{"type":"Feature","properties":{"bridge":"viaduct","highway":"proposed","layer":"1","name":"Aleja Generał Marii Wittek","id":"way/1185480936"},"geometry":{"type":"LineString","coordinates":[[20.9311027,52.2927217],[20.9307312,52.2920581],[20.9304979,52.2916036],[20.9303249,52.2913108],[20.9301996,52.291119],[20.9300594,52.2909474],[20.9298582,52.2907391]]}},{"type":"Feature","properties":{"bridge":"viaduct","highway":"proposed","layer":"1","name":"Aleja Generał Marii Wittek","id":"way/1185480937"},"geometry":{"type":"LineString","coordinates":[[20.9300165,52.2907342],[20.9301827,52.2908974],[20.9304242,52.2912099],[20.9308506,52.2919761],[20.9309654,52.2922075],[20.9312502,52.2926938]]}},{"type":"Feature","properties":{"bridge":"viaduct","highway":"proposed","layer":"1","name":"Tomasza Nocznickiego","id":"way/1185480938"},"geometry":{"type":"LineString","coordinates":[[20.9298582,52.2907391],[20.929413,52.2903909],[20.9285882,52.2898367],[20.9282905,52.2896259],[20.9276905,52.2891249]]}},{"type":"Feature","properties":{"bridge":"viaduct","highway":"proposed","layer":"1","name":"Tomasza Nocznickiego","id":"way/1185480939"},"geometry":{"type":"LineString","coordinates":[[20.9278278,52.2890903],[20.9282362,52.2894185],[20.9290858,52.2900533],[20.9294049,52.2902649],[20.9298501,52.2905824],[20.9300165,52.2907342]]}},{"type":"Feature","properties":{"highway":"secondary","name":"Wólczyńska","id":"way/1187535019"},"geometry":{"type":"LineString","coordinates":[[20.9335781,52.2785894],[20.9339235,52.2785473],[20.9345104,52.2784848]]}},{"type":"Feature","properties":{"highway":"secondary","name":"Stefana Żeromskiego","id":"way/1193582474"},"geometry":{"type":"LineString","coordinates":[[20.9406013,52.2777783],[20.9415586,52.2776697]]}},{"type":"Feature","properties":{"highway":"secondary","name":"Stefana Żeromskiego","id":"way/1193582475"},"geometry":{"type":"LineString","coordinates":[[20.9415586,52.2776697],[20.9417269,52.2776506],[20.9418144,52.2776406],[20.9420024,52.2776199]]}},{"type":"Feature","properties":{"highway":"secondary","name":"Rondo Hutników Warszawskich","id":"way/1202854893"},"geometry":{"type":"LineString","coordinates":[[20.9408824,52.2859417],[20.9408279,52.2858683],[20.9407881,52.2858036]]}},{"type":"Feature","properties":{"bridge":"yes","highway":"footway","layer":"1","id":"way/1235232432"},"geometry":{"type":"LineString","coordinates":[[20.9680152,52.2776755],[20.9680441,52.277653]]}},{"type":"Feature","properties":{"highway":"service","tunnel":"building_passage","id":"way/1268334375"},"geometry":{"type":"LineString","coordinates":[[20.9269159,52.2904256],[20.9268823,52.2903965]]}},{"type":"Feature","properties":{"highway":"service","tunnel":"building_passage","id":"way/1268334376"},"geometry":{"type":"LineString","coordinates":[[20.9277713,52.289985],[20.9278113,52.290018]]}},{"type":"Feature","properties":{"highway":"secondary","name":"Aleja Władysława Reymonta","id":"way/1275339796"},"geometry":{"type":"LineString","coordinates":[[20.9392462,52.2779224],[20.9393049,52.2780837],[20.9393153,52.2781199],[20.9393932,52.2783922],[20.9394019,52.2784225],[20.9394737,52.2787432]]}},{"type":"Feature","properties":{"highway":"secondary","name":"Aleja Władysława Reymonta","id":"way/1276172486"},"geometry":{"type":"LineString","coordinates":[[20.9401482,52.281139],[20.9401694,52.2812455],[20.9401801,52.2812998],[20.9401942,52.2813795]]}},{"type":"Feature","properties":{"highway":"secondary","name":"Aleja Władysława Reymonta","id":"way/1276174901"},"geometry":{"type":"LineString","coordinates":[[20.9394569,52.2794034],[20.939271,52.2788201]]}},{"type":"Feature","properties":{"highway":"secondary","name":"Aleja Władysława Reymonta","id":"way/1276232824"},"geometry":{"type":"LineString","coordinates":[[20.9407024,52.2845345],[20.9407237,52.2846032],[20.9407493,52.2846858],[20.9407833,52.2847728]]}},{"type":"Feature","properties":{"bridge":"yes","layer":"1","railway":"tram","id":"way/1308880020"},"geometry":{"type":"LineString","coordinates":[[20.9477052,52.3051198],[20.9483899,52.30545]]}},{"type":"Feature","properties":{"bridge":"yes","layer":"1","railway":"tram","id":"way/1308880021"},"geometry":{"type":"LineString","coordinates":[[20.9483545,52.3054777],[20.9476696,52.3051474]]}},{"type":"Feature","properties":{"bridge":"yes","layer":"1","railway":"tram","id":"way/1308880049"},"geometry":{"type":"LineString","coordinates":[[20.9569076,52.3096016],[20.9565025,52.3094071]]}},{"type":"Feature","properties":{"bridge":"yes","layer":"1","railway":"tram","id":"way/1308880050"},"geometry":{"type":"LineString","coordinates":[[20.9565363,52.3093788],[20.9569415,52.3095745]]}},{"type":"Feature","properties":{"bridge":"yes","highway":"footway","layer":"1","id":"way/1312596867"},"geometry":{"type":"LineString","coordinates":[[20.98039,52.2809301],[20.9804221,52.2808925]]}},{"type":"Feature","properties":{"highway":"service","layer":"-1","tunnel":"yes","id":"way/1315374774"},"geometry":{"type":"LineString","coordinates":[[20.9410269,52.2961037],[20.9408802,52.2960503]]}},{"type":"Feature","properties":{"highway":"service","layer":"-1","tunnel":"yes","id":"way/1315374776"},"geometry":{"type":"LineString","coordinates":[[20.9404658,52.2959372],[20.9402937,52.2959036]]}},{"type":"Feature","properties":{"name":"Linia Metra M4 (Planowana)","railway":"proposed","tunnel":"yes","id":"way/1315538186"},"geometry":{"type":"LineString","coordinates":[[20.9797183,52.2494382],[20.9813722,52.2528109],[20.9817402,52.2536511],[20.9822634,52.2549767],[20.9822382,52.2568385],[20.982248,52.2576242],[20.9820189,52.258335],[20.9816596,52.2594488],[20.9813005,52.2608734],[20.9811703,52.2612069],[20.981025,52.261441],[20.9804052,52.2622281],[20.9802143,52.262439],[20.9799973,52.262623],[20.9795955,52.2629906],[20.9794579,52.2631539],[20.9773692,52.2662997],[20.9766236,52.2672984],[20.9752537,52.2693555],[20.9748134,52.2700159],[20.9746076,52.2703293],[20.9740892,52.2711189],[20.9737712,52.2716867],[20.973717,52.2720362],[20.9737498,52.2725628],[20.9745825,52.2747496],[20.974813,52.2773282],[20.9751109,52.2789139],[20.9752427,52.2796325],[20.976425,52.2821051],[20.9765355,52.2825407],[20.9765024,52.2830073],[20.9760852,52.2845238],[20.9754443,52.2867191],[20.9751228,52.2875457],[20.9749186,52.2883947],[20.9749585,52.2886625],[20.9752006,52.289088],[20.9758824,52.2899209],[20.9762604,52.290334],[20.9774354,52.2920658],[20.9788719,52.294933],[20.9792486,52.2954621],[20.9838196,52.2988946],[20.9846875,52.3001226],[20.9853035,52.3014905],[20.985878,52.3027982],[20.9862809,52.3045565],[20.9862637,52.3049595],[20.9860609,52.3055043],[20.9857402,52.3059243],[20.9847007,52.3066905],[20.9810553,52.3095291],[20.9800133,52.3103238],[20.9787487,52.3113143],[20.9786244,52.3114342],[20.9783524,52.3117585],[20.9779955,52.3122396],[20.9767981,52.313902],[20.974424,52.3169878],[20.974038,52.3173718],[20.9735832,52.3177431],[20.9730191,52.3181695],[20.9716985,52.3188669],[20.9710676,52.3190996],[20.9701472,52.3192744],[20.9692749,52.3193692],[20.9685799,52.3193865],[20.9678338,52.3193201],[20.9673626,52.3192394],[20.9670237,52.3191516],[20.965193,52.3184809],[20.9638651,52.3180034]]}},{"type":"Feature","properties":{"name":"Linia Metra M4 (Planowana)","railway":"proposed","tunnel":"yes","id":"way/1315538187"},"geometry":{"type":"LineString","coordinates":[[20.9640404,52.3178701],[20.9653259,52.3183383],[20.9671983,52.3190152],[20.9675825,52.3190967],[20.967957,52.319156],[20.9685857,52.319206],[20.9692233,52.3191942],[20.9700862,52.3190941],[20.9708881,52.3189191],[20.971876,52.3185227],[20.9728046,52.3180441],[20.9734161,52.3175702],[20.9738329,52.3172321],[20.9741347,52.3169069],[20.9765456,52.3138413],[20.977821,52.3121437],[20.9781077,52.3117704],[20.9784342,52.3113678],[20.9785676,52.3112352],[20.9798358,52.310255],[20.980835,52.3094866],[20.9845293,52.3066211],[20.9855614,52.3058673],[20.9858063,52.3054844],[20.9859981,52.3049685],[20.98601,52.3045792],[20.985564,52.3028036],[20.9850144,52.3015431],[20.9844601,52.300304],[20.9834976,52.2989565],[20.9790572,52.2955688],[20.9785637,52.2949607],[20.9771139,52.2921313],[20.9759417,52.290398],[20.9755437,52.2899885],[20.9749172,52.2892206],[20.9746645,52.2888064],[20.9745777,52.2884533],[20.9747904,52.2874816],[20.9751092,52.2866745],[20.9757358,52.2845193],[20.9761789,52.2829054],[20.9761914,52.2825473],[20.9761107,52.2822115],[20.9749243,52.2796633],[20.9747878,52.2789861],[20.9744982,52.2772445],[20.9741861,52.2747432],[20.9734215,52.2726097],[20.973415,52.2721378],[20.9734907,52.2716275],[20.9735817,52.2714443],[20.9740151,52.270897],[20.9744238,52.2702938],[20.9746377,52.2699781],[20.975086,52.2693109],[20.9764348,52.2672643],[20.9770963,52.2662532],[20.9790401,52.2633423],[20.9792059,52.2631453],[20.9793457,52.2629903],[20.9796642,52.2627061],[20.9799151,52.2624982],[20.9801943,52.262195],[20.9803964,52.26196],[20.980847,52.2613602],[20.9809437,52.2611916],[20.9810647,52.2608631],[20.9814484,52.2594289],[20.9816284,52.2588512],[20.9819768,52.2575484],[20.9820087,52.255003],[20.981386,52.2537212],[20.9809971,52.2528679],[20.9793618,52.249496]]}},{"type":"Feature","properties":{"railway":"proposed","tunnel":"yes","id":"way/1315538190"},"geometry":{"type":"LineString","coordinates":[[20.9758139,52.285107],[20.9753525,52.2867544]]}},{"type":"Feature","properties":{"railway":"proposed","tunnel":"yes","id":"way/1315538191"},"geometry":{"type":"LineString","coordinates":[[20.9752292,52.2867183],[20.9756959,52.2850873]]}},{"type":"Feature","properties":{"railway":"proposed","tunnel":"yes","id":"way/1315538192"},"geometry":{"type":"LineString","coordinates":[[20.9756959,52.2850873],[20.9757441,52.28492],[20.9757549,52.2848314],[20.9757358,52.2845193]]}},{"type":"Feature","properties":{"railway":"proposed","tunnel":"yes","id":"way/1315538193"},"geometry":{"type":"LineString","coordinates":[[20.9760852,52.2845238],[20.9759104,52.284815],[20.9758568,52.2849462],[20.9758139,52.285107]]}},{"type":"Feature","properties":{"railway":"proposed","tunnel":"yes","id":"way/1315538194"},"geometry":{"type":"LineString","coordinates":[[20.9759104,52.284815],[20.9757899,52.2849685],[20.9756959,52.2850873]]}},{"type":"Feature","properties":{"railway":"proposed","tunnel":"yes","id":"way/1315538195"},"geometry":{"type":"LineString","coordinates":[[20.9758139,52.285107],[20.9757899,52.2849685],[20.9757549,52.2848314]]}},{"type":"Feature","properties":{"highway":"footway","tunnel":"building_passage","id":"way/1324361603"},"geometry":{"type":"LineString","coordinates":[[20.97641,52.3024097],[20.9766077,52.3024741]]}},{"type":"Feature","properties":{"bridge":"yes","highway":"footway","layer":"1","id":"way/1326363882"},"geometry":{"type":"LineString","coordinates":[[20.928949,52.2774173],[20.9288357,52.2774308]]}},{"type":"Feature","properties":{"layer":"-1","name":"Rudawka","tunnel":"culvert","waterway":"stream","id":"way/1330770404"},"geometry":{"type":"LineString","coordinates":[[20.9667627,52.2941184],[20.9668262,52.2941692],[20.967002,52.2943097],[20.9670646,52.2943598],[20.9671404,52.2944204],[20.9672837,52.294535],[20.9674309,52.2946527],[20.9674744,52.2946875],[20.9675371,52.2947376],[20.9680926,52.2951818]]}},{"type":"Feature","properties":{"highway":"service","layer":"-1","tunnel":"yes","id":"way/1334527393"},"geometry":{"type":"LineString","coordinates":[[20.9786831,52.3022322],[20.978743,52.3021668],[20.9787665,52.3021411]]}},{"type":"Feature","properties":{"highway":"footway","layer":"-1","tunnel":"yes","id":"way/1334527394"},"geometry":{"type":"LineString","coordinates":[[20.9787155,52.3021572],[20.978743,52.3021668],[20.9788059,52.3021874],[20.9788903,52.3020955]]}},{"type":"Feature","properties":{"highway":"footway","tunnel":"building_passage","id":"way/1344857272"},"geometry":{"type":"LineString","coordinates":[[20.978295,52.3033812],[20.9783281,52.3033434]]}},{"type":"Feature","properties":{"highway":"footway","tunnel":"building_passage","id":"way/1344857274"},"geometry":{"type":"LineString","coordinates":[[20.9783117,52.3033868],[20.978289,52.3034145]]}},{"type":"Feature","properties":{"highway":"footway","tunnel":"covered","id":"way/1344857276"},"geometry":{"type":"LineString","coordinates":[[20.9784322,52.3030594],[20.9784407,52.303049],[20.9784611,52.3030553]]}},{"type":"Feature","properties":{"highway":"footway","tunnel":"building_passage","id":"way/1344857281"},"geometry":{"type":"LineString","coordinates":[[20.9783252,52.3033912],[20.9783117,52.3033868],[20.978295,52.3033812],[20.978182,52.3033434]]}},{"type":"Feature","properties":{"highway":"footway","tunnel":"building_passage","id":"way/1344890049"},"geometry":{"type":"LineString","coordinates":[[20.9769869,52.3045394],[20.9769575,52.3045303]]}},{"type":"Feature","properties":{"highway":"footway","tunnel":"building_passage","id":"way/1346360819"},"geometry":{"type":"LineString","coordinates":[[20.9787901,52.3035929],[20.9787809,52.30359]]}},{"type":"Feature","properties":{"highway":"footway","tunnel":"building_passage","id":"way/1346360821"},"geometry":{"type":"LineString","coordinates":[[20.9788005,52.3035676],[20.9787809,52.30359],[20.9787692,52.3036034]]}},{"type":"Feature","properties":{"highway":"footway","tunnel":"building_passage","id":"way/1346360822"},"geometry":{"type":"LineString","coordinates":[[20.9787927,52.3035651],[20.9788059,52.3035496],[20.9788221,52.3035548]]}},{"type":"Feature","properties":{"highway":"footway","tunnel":"building_passage","id":"way/1346360824"},"geometry":{"type":"LineString","coordinates":[[20.9786733,52.3035258],[20.9787927,52.3035651],[20.9788005,52.3035676],[20.9788091,52.3035704]]}},{"type":"Feature","properties":{"highway":"footway","tunnel":"building_passage","id":"way/1352512197"},"geometry":{"type":"LineString","coordinates":[[20.9293107,52.2911572],[20.9292778,52.2911298],[20.9293575,52.2910971]]}},{"type":"Feature","properties":{"layer":"-1","name":"Rudawka","tunnel":"culvert","waterway":"stream","id":"way/1371164405"},"geometry":{"type":"LineString","coordinates":[[20.9470842,52.2527083],[20.9475158,52.2529335],[20.9479042,52.2531359],[20.9485499,52.2534703],[20.9496623,52.2540488],[20.9505036,52.2544821],[20.951454,52.2549752],[20.9520235,52.2552719],[20.9533941,52.255979],[20.9540167,52.2563021],[20.9548131,52.2566479],[20.9552545,52.25681],[20.9555792,52.2569284],[20.9561071,52.2571232],[20.9574253,52.2576004],[20.9574304,52.2576045],[20.9577289,52.257752],[20.9583935,52.2580078],[20.9589091,52.2582008],[20.9589066,52.2582102],[20.9587811,52.2583321],[20.9584088,52.2587236],[20.9589253,52.2589602],[20.9589336,52.2589608],[20.9595273,52.2595341],[20.9598525,52.2599952],[20.9598412,52.2599967],[20.9597737,52.2600222],[20.9594293,52.2601701],[20.9587927,52.2604233],[20.9594774,52.2610973],[20.9592131,52.2614859],[20.9586483,52.2618214],[20.9586026,52.261856],[20.9582225,52.2621751],[20.9582141,52.2621829],[20.9582852,52.26231],[20.9582094,52.2624664],[20.9580249,52.2628561],[20.9580172,52.2628644],[20.9580178,52.2628717],[20.9578495,52.2634357],[20.9578722,52.2642301],[20.9580045,52.2644902],[20.9581638,52.2648038],[20.9582663,52.2649522],[20.9585901,52.2654475],[20.9587455,52.265671],[20.9589202,52.2659371],[20.9590756,52.2665142],[20.9590639,52.2670797],[20.959067,52.2670856],[20.9599844,52.267262],[20.9599985,52.2672665],[20.9603952,52.2673413],[20.9604188,52.2673485],[20.9609856,52.2674514],[20.9607881,52.2678985],[20.9609989,52.2682261],[20.9611396,52.2684358],[20.9613651,52.2687557],[20.9615774,52.2690564],[20.96173,52.2692447],[20.9619687,52.2695327],[20.9620917,52.2696718],[20.9622944,52.269893],[20.9623228,52.2698998],[20.9623216,52.2699207],[20.9625306,52.2701464],[20.9626154,52.2702119],[20.963669,52.2709176],[20.9636791,52.270932],[20.9637087,52.2709261],[20.9637674,52.2709262],[20.9637947,52.2709296],[20.9643628,52.2713359],[20.9644162,52.2713702],[20.9644204,52.2713891],[20.9644072,52.2714198],[20.9649811,52.2718084],[20.9668348,52.272473],[20.9668506,52.2724903],[20.9670585,52.2728559],[20.9672364,52.2729734],[20.967253,52.2729917],[20.9674818,52.2731406],[20.9674899,52.2731412],[20.967746,52.2732688],[20.9682023,52.273464],[20.9695446,52.2736286],[20.9711534,52.2736294],[20.9714029,52.2737541],[20.9733173,52.2735768],[20.973773,52.273491],[20.9739482,52.2734619],[20.9741282,52.2734415],[20.9741488,52.2735034],[20.9741116,52.2736755],[20.9739721,52.2738136],[20.9738277,52.2740347],[20.9736354,52.2743505],[20.9730533,52.2748655],[20.9730429,52.2748714],[20.9730427,52.2748788],[20.9727096,52.275294],[20.9727389,52.2753089],[20.9737208,52.2757057],[20.9737436,52.2757213],[20.973998,52.2759465],[20.9740037,52.27596],[20.9739816,52.2764124],[20.9739742,52.2764253],[20.9739814,52.2764366],[20.9739611,52.2769061],[20.9735188,52.2772335],[20.9732217,52.2774506],[20.9732123,52.2774741],[20.9732054,52.2775363],[20.9728749,52.2775819],[20.9726855,52.2776614],[20.9721341,52.2778876],[20.9725051,52.2782252],[20.9725151,52.278679],[20.9730701,52.278677],[20.9730646,52.2787589],[20.9730755,52.2791762],[20.9730642,52.2791835],[20.9726638,52.2797239],[20.9723896,52.2801777],[20.9721605,52.2805957],[20.9719074,52.2810234],[20.971884,52.2810521],[20.9718848,52.2810587],[20.9716746,52.2814218],[20.9716888,52.2818773],[20.9716952,52.2818849],[20.9717002,52.2823477],[20.9715346,52.2825398],[20.9714427,52.2826486],[20.971444,52.2826622],[20.9716727,52.2829902],[20.9716761,52.2830117],[20.9711151,52.2840434],[20.9711149,52.2840499],[20.9711058,52.284055],[20.9711007,52.2840648]]}},{"type":"Feature","properties":{"layer":"-1","name":"Rudawka","tunnel":"culvert","waterway":"stream","id":"way/1371164406"},"geometry":{"type":"LineString","coordinates":[[20.9685931,52.2778367],[20.9686697,52.2778641],[20.9689834,52.2778102],[20.9694037,52.2780483],[20.9697446,52.2782381],[20.9702822,52.2785259],[20.9704686,52.2786254],[20.970925,52.2787219],[20.9712882,52.2787977],[20.9713005,52.2787988],[20.9720674,52.2789683],[20.9721979,52.2787464],[20.9724302,52.2787489],[20.9725151,52.278679]]}},{"type":"Feature","properties":{"layer":"-3","name":"Tory odstawcze przy stacji Młociny","railway":"subway","tunnel":"yes","id":"way/1425860296"},"geometry":{"type":"LineString","coordinates":[[20.9290724,52.2911098],[20.9290102,52.2911395],[20.9289505,52.29117],[20.9288896,52.291202],[20.9288326,52.2912339],[20.9287151,52.2913015],[20.9285973,52.2913692],[20.9285413,52.2914014],[20.9284804,52.2914334],[20.92842,52.2914639],[20.9283575,52.2914933]]}},{"type":"Feature","properties":{"layer":"-3","name":"Tory odstawcze przy stacji Młociny","railway":"subway","tunnel":"yes","id":"way/1425860297"},"geometry":{"type":"LineString","coordinates":[[20.9291147,52.2911443],[20.9290525,52.291172],[20.928987,52.2911996],[20.9289203,52.2912262],[20.9288536,52.2912511],[20.9287151,52.2913015],[20.9285763,52.2913521],[20.9285076,52.2913778],[20.9284431,52.2914038],[20.9283767,52.2914314],[20.9283151,52.2914588]]}},{"type":"Feature","properties":{"layer":"-1","railway":"subway","tunnel":"yes","id":"way/1425860320"},"geometry":{"type":"LineString","coordinates":[[20.9593329,52.2771674],[20.959403,52.2771348],[20.9601047,52.276809],[20.9608064,52.276483],[20.961043,52.2763731]]}},{"type":"Feature","properties":{"layer":"-1","railway":"subway","tunnel":"yes","id":"way/1425860321"},"geometry":{"type":"LineString","coordinates":[[20.9610866,52.276407],[20.9608489,52.2765174],[20.9601472,52.2768434],[20.9594455,52.2771693],[20.9591752,52.2772948],[20.9586216,52.2775517]]}},{"type":"Feature","properties":{"highway":"service","tunnel":"building_passage","id":"way/1436732255"},"geometry":{"type":"LineString","coordinates":[[20.9356223,52.3011359],[20.9351134,52.3008356],[20.9345526,52.3005046],[20.934386,52.3004063]]}},{"type":"Feature","properties":{"highway":"service","tunnel":"building_passage","id":"way/1436732256"},"geometry":{"type":"LineString","coordinates":[[20.9354863,52.3012218],[20.9349775,52.300921],[20.9344186,52.3005906],[20.9342512,52.3004916]]}},{"type":"Feature","properties":{"highway":"secondary","name":"Płochocińska","id":"way/1442998442"},"geometry":{"type":"LineString","coordinates":[[20.9850466,52.3085791],[20.9847461,52.3084951],[20.984718,52.3084872]]}},{"type":"Feature","properties":{"highway":"primary","name":"Aleja Generał Marii Wittek","id":"way/1445846792"},"geometry":{"type":"LineString","coordinates":[[20.9428748,52.3025002],[20.9429976,52.3025602]]}},{"type":"Feature","properties":{"highway":"secondary","name":"Aleja Generał Marii Wittek","id":"way/1446379333"},"geometry":{"type":"LineString","coordinates":[[20.933795,52.2972063],[20.9336461,52.2969654],[20.9333534,52.2964757],[20.9333015,52.296383]]}},{"type":"Feature","properties":{"highway":"footway","layer":"-1","tunnel":"yes","id":"way/1462129692"},"geometry":{"type":"LineString","coordinates":[[20.9352295,52.3007617],[20.9351134,52.3008356],[20.9349775,52.300921],[20.934832,52.3010137],[20.9347256,52.3010835]]}},{"type":"Feature","properties":{"highway":"service","layer":"-1","tunnel":"yes","id":"way/1462129694"},"geometry":{"type":"LineString","coordinates":[[20.9352277,52.3012484],[20.9350998,52.3011724]]}},{"type":"Feature","properties":{"highway":"service","layer":"-1","tunnel":"yes","id":"way/1462129696"},"geometry":{"type":"LineString","coordinates":[[20.9348952,52.3010515],[20.934832,52.3010137],[20.9347661,52.3009749]]}},{"type":"Feature","properties":{"highway":"service","layer":"-1","tunnel":"yes","id":"way/1462129698"},"geometry":{"type":"LineString","coordinates":[[20.934339,52.3007224],[20.9342728,52.3006828],[20.9342102,52.3006459]]}},{"type":"Feature","properties":{"highway":"footway","layer":"-1","tunnel":"yes","id":"way/1462129699"},"geometry":{"type":"LineString","coordinates":[[20.9341679,52.3007533],[20.9342402,52.3007056],[20.9342728,52.3006828],[20.9344186,52.3005906],[20.9345526,52.3005046],[20.9346699,52.3004308]]}},{"type":"Feature","properties":{"highway":"secondary","name":"Marymoncka","id":"way/1487702850"},"geometry":{"type":"LineString","coordinates":[[20.9445217,52.2958717],[20.9443225,52.2960826],[20.942786,52.2977078],[20.9427519,52.2977439]]}},{"type":"Feature","properties":{"highway":"secondary","name":"Marymoncka","id":"way/1487702851"},"geometry":{"type":"LineString","coordinates":[[20.9427519,52.2977439],[20.9425289,52.2979791],[20.9423554,52.2981688]]}},{"type":"Feature","properties":{"bridge":"yes","highway":"primary","layer":"1","name":"Most Marii Skłodowskiej-Curie","id":"way/1498061492"},"geometry":{"type":"LineString","coordinates":[[20.9490907,52.3054834],[20.9571951,52.3093757]]}},{"type":"Feature","properties":{"highway":"primary","name":"Aleja Generał Marii Wittek","id":"way/1498061493"},"geometry":{"type":"LineString","coordinates":[[20.9457041,52.3038383],[20.946221,52.3040883]]}},{"type":"Feature","properties":{"layer":"-1","tunnel":"culvert","waterway":"drain","id":"way/1512198995"},"geometry":{"type":"LineString","coordinates":[[20.9728847,52.2885729],[20.9731017,52.2886836],[20.9731788,52.2887266],[20.9732564,52.2887723],[20.9733518,52.2888205],[20.9734046,52.2888388],[20.9734918,52.2888799],[20.9745224,52.2893827],[20.9746249,52.2894327],[20.9746511,52.2894126],[20.9750034,52.2891406],[20.9768377,52.289438],[20.9769701,52.2892602]]}},{"type":"Feature","properties":{"layer":"-1","tunnel":"culvert","waterway":"drain","id":"way/1525878170"},"geometry":{"type":"LineString","coordinates":[[20.9618906,52.2976889],[20.9626744,52.2950888],[20.9628246,52.2942145],[20.9633632,52.2901825],[20.9639931,52.2822886],[20.9642004,52.2806612],[20.9650982,52.2791277],[20.965745,52.2781924]]}},{"type":"Feature","properties":{"highway":"crossing","id":"node/175627496"},"geometry":{"type":"Point","coordinates":[20.9504594,52.2809725]}},{"type":"Feature","properties":{"highway":"crossing","id":"node/207561467"},"geometry":{"type":"Point","coordinates":[20.9840645,52.3079567]}},{"type":"Feature","properties":{"highway":"crossing","id":"node/257588281"},"geometry":{"type":"Point","coordinates":[20.9488593,52.2792471]}},{"type":"Feature","properties":{"highway":"crossing","id":"node/261213123"},"geometry":{"type":"Point","coordinates":[20.939494,52.2778964]}},{"type":"Feature","properties":{"highway":"crossing","id":"node/261213258"},"geometry":{"type":"Point","coordinates":[20.9405207,52.2825246]}},{"type":"Feature","properties":{"railway":"level_crossing","id":"node/282477324"},"geometry":{"type":"Point","coordinates":[20.9504544,52.2899078]}},{"type":"Feature","properties":{"highway":"crossing","id":"node/282477493"},"geometry":{"type":"Point","coordinates":[20.9422054,52.2868706]}},{"type":"Feature","properties":{"highway":"crossing","id":"node/321683111"},"geometry":{"type":"Point","coordinates":[20.9724078,52.2842409]}},{"type":"Feature","properties":{"highway":"crossing","id":"node/338796875"},"geometry":{"type":"Point","coordinates":[20.9704505,52.2771613]}},{"type":"Feature","properties":{"highway":"crossing","id":"node/339678553"},"geometry":{"type":"Point","coordinates":[20.9317271,52.2875569]}},{"type":"Feature","properties":{"highway":"crossing","id":"node/414718382"},"geometry":{"type":"Point","coordinates":[20.9713833,52.2856127]}},{"type":"Feature","properties":{"highway":"crossing","id":"node/419282936"},"geometry":{"type":"Point","coordinates":[20.9830628,52.30781]}},{"type":"Feature","properties":{"highway":"crossing","id":"node/427956155"},"geometry":{"type":"Point","coordinates":[20.9769291,52.287423]}},{"type":"Feature","properties":{"highway":"crossing","id":"node/427956171"},"geometry":{"type":"Point","coordinates":[20.9846039,52.282732]}},{"type":"Feature","properties":{"highway":"crossing","id":"node/442090666"},"geometry":{"type":"Point","coordinates":[20.953816,52.2762902]}},{"type":"Feature","properties":{"highway":"crossing","id":"node/442090667"},"geometry":{"type":"Point","coordinates":[20.9545132,52.2776141]}},{"type":"Feature","properties":{"highway":"crossing","id":"node/442090670"},"geometry":{"type":"Point","coordinates":[20.9555556,52.2787649]}},{"type":"Feature","properties":{"highway":"crossing","id":"node/442090671"},"geometry":{"type":"Point","coordinates":[20.9558054,52.2790211]}},{"type":"Feature","properties":{"highway":"crossing","id":"node/442090672"},"geometry":{"type":"Point","coordinates":[20.9558965,52.2791079]}},{"type":"Feature","properties":{"highway":"crossing","id":"node/442090675"},"geometry":{"type":"Point","coordinates":[20.9584909,52.2808047]}},{"type":"Feature","properties":{"highway":"crossing","id":"node/442090676"},"geometry":{"type":"Point","coordinates":[20.9586599,52.2808633]}},{"type":"Feature","properties":{"highway":"crossing","id":"node/443775420"},"geometry":{"type":"Point","coordinates":[20.9712989,52.285698]}},{"type":"Feature","properties":{"highway":"crossing","id":"node/443775421"},"geometry":{"type":"Point","coordinates":[20.9587354,52.2810526]}},{"type":"Feature","properties":{"highway":"crossing","id":"node/480301305"},"geometry":{"type":"Point","coordinates":[20.9557966,52.2791528]}},{"type":"Feature","properties":{"highway":"crossing","id":"node/492043466"},"geometry":{"type":"Point","coordinates":[20.9582774,52.2805058]}},{"type":"Feature","properties":{"highway":"crossing","id":"node/498791609"},"geometry":{"type":"Point","coordinates":[20.9689008,52.2778252]}},{"type":"Feature","properties":{"highway":"crossing","id":"node/519355741"},"geometry":{"type":"Point","coordinates":[20.9686248,52.2780594]}},{"type":"Feature","properties":{"highway":"crossing","id":"node/549639261"},"geometry":{"type":"Point","coordinates":[20.9317979,52.2852961]}},{"type":"Feature","properties":{"highway":"crossing","id":"node/549639326"},"geometry":{"type":"Point","coordinates":[20.9361535,52.2876718]}},{"type":"Feature","properties":{"highway":"crossing","id":"node/549639327"},"geometry":{"type":"Point","coordinates":[20.9364384,52.2875408]}},{"type":"Feature","properties":{"highway":"crossing","id":"node/601444773"},"geometry":{"type":"Point","coordinates":[20.9733883,52.2803698]}},{"type":"Feature","properties":{"highway":"crossing","id":"node/601444783"},"geometry":{"type":"Point","coordinates":[20.9752989,52.2804179]}},{"type":"Feature","properties":{"highway":"crossing","id":"node/601444796"},"geometry":{"type":"Point","coordinates":[20.9762314,52.2796966]}},{"type":"Feature","properties":{"highway":"crossing","id":"node/611224073"},"geometry":{"type":"Point","coordinates":[20.9540517,52.2855028]}},{"type":"Feature","properties":{"highway":"crossing","id":"node/611224075"},"geometry":{"type":"Point","coordinates":[20.9542405,52.2855729]}},{"type":"Feature","properties":{"highway":"crossing","id":"node/611901365"},"geometry":{"type":"Point","coordinates":[20.9319546,52.3013401]}},{"type":"Feature","properties":{"highway":"crossing","id":"node/611901378"},"geometry":{"type":"Point","coordinates":[20.932765,52.3056626]}},{"type":"Feature","properties":{"highway":"crossing","id":"node/648207667"},"geometry":{"type":"Point","coordinates":[20.9528949,52.2852846]}},{"type":"Feature","properties":{"highway":"crossing","id":"node/674226918"},"geometry":{"type":"Point","coordinates":[20.9503884,52.2898396]}},{"type":"Feature","properties":{"highway":"crossing","id":"node/674229130"},"geometry":{"type":"Point","coordinates":[20.9513516,52.288202]}},{"type":"Feature","properties":{"highway":"crossing","id":"node/674274878"},"geometry":{"type":"Point","coordinates":[20.9749085,52.2895567]}},{"type":"Feature","properties":{"highway":"crossing","id":"node/674274888"},"geometry":{"type":"Point","coordinates":[20.975304,52.289547]}},{"type":"Feature","properties":{"highway":"crossing","id":"node/674275026"},"geometry":{"type":"Point","coordinates":[20.9858368,52.2852166]}},{"type":"Feature","properties":{"highway":"crossing","id":"node/674983664"},"geometry":{"type":"Point","coordinates":[20.9557478,52.2837248]}},{"type":"Feature","properties":{"highway":"crossing","id":"node/674983680"},"geometry":{"type":"Point","coordinates":[20.955909,52.2837787]}},{"type":"Feature","properties":{"highway":"crossing","id":"node/674983684"},"geometry":{"type":"Point","coordinates":[20.9546046,52.2834737]}},{"type":"Feature","properties":{"highway":"crossing","id":"node/777367275"},"geometry":{"type":"Point","coordinates":[20.9701777,52.2851218]}},{"type":"Feature","properties":{"highway":"crossing","id":"node/845791940"},"geometry":{"type":"Point","coordinates":[20.9368793,52.2824448]}},{"type":"Feature","properties":{"highway":"crossing","id":"node/942624507"},"geometry":{"type":"Point","coordinates":[20.92314,52.2773038]}},{"type":"Feature","properties":{"highway":"crossing","id":"node/942624579"},"geometry":{"type":"Point","coordinates":[20.9272225,52.2765402]}},{"type":"Feature","properties":{"highway":"crossing","id":"node/942626698"},"geometry":{"type":"Point","coordinates":[20.9229416,52.2769743]}},{"type":"Feature","properties":{"highway":"crossing","id":"node/982330101"},"geometry":{"type":"Point","coordinates":[20.9265188,52.282834]}},{"type":"Feature","properties":{"highway":"crossing","id":"node/982500807"},"geometry":{"type":"Point","coordinates":[20.9228054,52.2795897]}},{"type":"Feature","properties":{"highway":"crossing","id":"node/984127177"},"geometry":{"type":"Point","coordinates":[20.9303005,52.2791726]}},{"type":"Feature","properties":{"highway":"crossing","id":"node/984127625"},"geometry":{"type":"Point","coordinates":[20.9355235,52.2851899]}},{"type":"Feature","properties":{"highway":"crossing","id":"node/1065533926"},"geometry":{"type":"Point","coordinates":[20.9785471,52.2800843]}},{"type":"Feature","properties":{"highway":"crossing","id":"node/1065533971"},"geometry":{"type":"Point","coordinates":[20.979287,52.2822567]}},{"type":"Feature","properties":{"highway":"crossing","id":"node/1092106854"},"geometry":{"type":"Point","coordinates":[20.9537776,52.2807222]}},{"type":"Feature","properties":{"highway":"crossing","id":"node/1104971647"},"geometry":{"type":"Point","coordinates":[20.9500844,52.2782129]}},{"type":"Feature","properties":{"highway":"crossing","id":"node/1123114232"},"geometry":{"type":"Point","coordinates":[20.9675893,52.2764824]}},{"type":"Feature","properties":{"highway":"crossing","id":"node/1155337720"},"geometry":{"type":"Point","coordinates":[20.9308608,52.2771032]}},{"type":"Feature","properties":{"highway":"crossing","id":"node/1155337727"},"geometry":{"type":"Point","coordinates":[20.9750713,52.289605]}},{"type":"Feature","properties":{"highway":"crossing","id":"node/1166979201"},"geometry":{"type":"Point","coordinates":[20.9838634,52.3081533]}},{"type":"Feature","properties":{"highway":"crossing","id":"node/1166979251"},"geometry":{"type":"Point","coordinates":[20.982966,52.3077854]}},{"type":"Feature","properties":{"highway":"crossing","id":"node/1200412368"},"geometry":{"type":"Point","coordinates":[20.9427519,52.2977439]}},{"type":"Feature","properties":{"highway":"crossing","id":"node/1200412407"},"geometry":{"type":"Point","coordinates":[20.9425319,52.2976674]}},{"type":"Feature","properties":{"highway":"crossing","id":"node/1200412470"},"geometry":{"type":"Point","coordinates":[20.9504666,52.2895735]}},{"type":"Feature","properties":{"highway":"crossing","id":"node/1200412487"},"geometry":{"type":"Point","coordinates":[20.9502695,52.2895046]}},{"type":"Feature","properties":{"highway":"crossing","id":"node/1200583505"},"geometry":{"type":"Point","coordinates":[20.9283328,52.2800728]}},{"type":"Feature","properties":{"highway":"crossing","id":"node/1200583670"},"geometry":{"type":"Point","coordinates":[20.930139,52.279427]}},{"type":"Feature","properties":{"highway":"crossing","id":"node/1200583820"},"geometry":{"type":"Point","coordinates":[20.9326862,52.2879136]}},{"type":"Feature","properties":{"highway":"crossing","id":"node/1255253827"},"geometry":{"type":"Point","coordinates":[20.9859436,52.3064817]}},{"type":"Feature","properties":{"highway":"crossing","id":"node/1280123805"},"geometry":{"type":"Point","coordinates":[20.9687637,52.2780741]}},{"type":"Feature","properties":{"highway":"crossing","id":"node/1286670356"},"geometry":{"type":"Point","coordinates":[20.966009,52.2799131]}},{"type":"Feature","properties":{"highway":"crossing","id":"node/1306140122"},"geometry":{"type":"Point","coordinates":[20.9336571,52.29304]}},{"type":"Feature","properties":{"highway":"crossing","id":"node/1322365760"},"geometry":{"type":"Point","coordinates":[20.9742775,52.2828198]}},{"type":"Feature","properties":{"highway":"crossing","id":"node/1322365784"},"geometry":{"type":"Point","coordinates":[20.9748658,52.2828767]}},{"type":"Feature","properties":{"highway":"crossing","id":"node/1423387113"},"geometry":{"type":"Point","coordinates":[20.9232139,52.2806028]}},{"type":"Feature","properties":{"highway":"crossing","id":"node/1423387115"},"geometry":{"type":"Point","coordinates":[20.9300733,52.2903432]}},{"type":"Feature","properties":{"highway":"crossing","id":"node/1423387116"},"geometry":{"type":"Point","coordinates":[20.9294861,52.2905925]}},{"type":"Feature","properties":{"highway":"crossing","id":"node/1423387154"},"geometry":{"type":"Point","coordinates":[20.9328325,52.3058516]}},{"type":"Feature","properties":{"highway":"crossing","id":"node/1423387156"},"geometry":{"type":"Point","coordinates":[20.933059,52.3060073]}},{"type":"Feature","properties":{"highway":"crossing","id":"node/1458206624"},"geometry":{"type":"Point","coordinates":[20.960272,52.2793692]}},{"type":"Feature","properties":{"highway":"crossing","id":"node/1458206637"},"geometry":{"type":"Point","coordinates":[20.9602142,52.2793505]}},{"type":"Feature","properties":{"highway":"crossing","id":"node/1459949898"},"geometry":{"type":"Point","coordinates":[20.928584,52.2893879]}},{"type":"Feature","properties":{"highway":"crossing","id":"node/1459949901"},"geometry":{"type":"Point","coordinates":[20.9306512,52.279357]}},{"type":"Feature","properties":{"highway":"crossing","id":"node/1459949903"},"geometry":{"type":"Point","coordinates":[20.9306775,52.279388]}},{"type":"Feature","properties":{"highway":"crossing","id":"node/1471051653"},"geometry":{"type":"Point","coordinates":[20.9839525,52.3080641]}},{"type":"Feature","properties":{"highway":"crossing","id":"node/1487764913"},"geometry":{"type":"Point","coordinates":[20.9847855,52.3064877]}},{"type":"Feature","properties":{"highway":"crossing","id":"node/1520154795"},"geometry":{"type":"Point","coordinates":[20.9839399,52.3071017]}},{"type":"Feature","properties":{"highway":"crossing","id":"node/1561100026"},"geometry":{"type":"Point","coordinates":[20.923411,52.2771703]}},{"type":"Feature","properties":{"highway":"crossing","id":"node/1561100052"},"geometry":{"type":"Point","coordinates":[20.9334233,52.278998]}},{"type":"Feature","properties":{"highway":"crossing","id":"node/1561100101"},"geometry":{"type":"Point","coordinates":[20.9279437,52.2843396]}},{"type":"Feature","properties":{"highway":"crossing","id":"node/1563071242"},"geometry":{"type":"Point","coordinates":[20.9251221,52.2777169]}},{"type":"Feature","properties":{"highway":"crossing","id":"node/1592222763"},"geometry":{"type":"Point","coordinates":[20.9421017,52.2784323]}},{"type":"Feature","properties":{"highway":"crossing","id":"node/1600322017"},"geometry":{"type":"Point","coordinates":[20.9443503,52.2926794]}},{"type":"Feature","properties":{"highway":"crossing","id":"node/1600322068"},"geometry":{"type":"Point","coordinates":[20.9453929,52.2950083]}},{"type":"Feature","properties":{"highway":"crossing","id":"node/1600322100"},"geometry":{"type":"Point","coordinates":[20.9441874,52.2928523]}},{"type":"Feature","properties":{"highway":"crossing","id":"node/1600322120"},"geometry":{"type":"Point","coordinates":[20.944133,52.2927393]}},{"type":"Feature","properties":{"highway":"crossing","id":"node/1600641375"},"geometry":{"type":"Point","coordinates":[20.9599517,52.2792566]}},{"type":"Feature","properties":{"highway":"crossing","id":"node/1600641376"},"geometry":{"type":"Point","coordinates":[20.9601565,52.2792583]}},{"type":"Feature","properties":{"highway":"crossing","id":"node/1600641396"},"geometry":{"type":"Point","coordinates":[20.9597931,52.2792005]}},{"type":"Feature","properties":{"highway":"crossing","id":"node/1601821851"},"geometry":{"type":"Point","coordinates":[20.9385498,52.2769371]}},{"type":"Feature","properties":{"highway":"crossing","id":"node/1673123441"},"geometry":{"type":"Point","coordinates":[20.9826001,52.3090075]}},{"type":"Feature","properties":{"highway":"crossing","id":"node/1692581683"},"geometry":{"type":"Point","coordinates":[20.9359046,52.2986273]}},{"type":"Feature","properties":{"highway":"crossing","id":"node/1692581687"},"geometry":{"type":"Point","coordinates":[20.9351572,52.2990833]}},{"type":"Feature","properties":{"highway":"crossing","id":"node/1692581694"},"geometry":{"type":"Point","coordinates":[20.9389831,52.3011751]}},{"type":"Feature","properties":{"highway":"crossing","id":"node/1692581699"},"geometry":{"type":"Point","coordinates":[20.9395774,52.301441]}},{"type":"Feature","properties":{"highway":"crossing","id":"node/1693951995"},"geometry":{"type":"Point","coordinates":[20.9318175,52.2916162]}},{"type":"Feature","properties":{"highway":"crossing","id":"node/1694931339"},"geometry":{"type":"Point","coordinates":[20.9340554,52.2892111]}},{"type":"Feature","properties":{"highway":"crossing","id":"node/1694931357"},"geometry":{"type":"Point","coordinates":[20.9302264,52.2902554]}},{"type":"Feature","properties":{"highway":"crossing","id":"node/1694931468"},"geometry":{"type":"Point","coordinates":[20.9420059,52.2980565]}},{"type":"Feature","properties":{"highway":"crossing","id":"node/1694931544"},"geometry":{"type":"Point","coordinates":[20.9395087,52.3005422]}},{"type":"Feature","properties":{"highway":"crossing","id":"node/1694931558"},"geometry":{"type":"Point","coordinates":[20.940143,52.3008169]}},{"type":"Feature","properties":{"highway":"crossing","id":"node/1694931564"},"geometry":{"type":"Point","coordinates":[20.9402143,52.3009895]}},{"type":"Feature","properties":{"highway":"crossing","id":"node/1694931798"},"geometry":{"type":"Point","coordinates":[20.946186,52.3037539]}},{"type":"Feature","properties":{"highway":"crossing","id":"node/1694931818"},"geometry":{"type":"Point","coordinates":[20.9381002,52.3038047]}},{"type":"Feature","properties":{"highway":"crossing","id":"node/1696186662"},"geometry":{"type":"Point","coordinates":[20.9350282,52.2992716]}},{"type":"Feature","properties":{"highway":"crossing","id":"node/1700763006"},"geometry":{"type":"Point","coordinates":[20.9281276,52.2907332]}},{"type":"Feature","properties":{"highway":"crossing","id":"node/1700763031"},"geometry":{"type":"Point","coordinates":[20.9280311,52.2906542]}},{"type":"Feature","properties":{"highway":"crossing","id":"node/1700763045"},"geometry":{"type":"Point","coordinates":[20.928239,52.2908246]}},{"type":"Feature","properties":{"highway":"crossing","id":"node/1700776057"},"geometry":{"type":"Point","coordinates":[20.9272948,52.2915899]}},{"type":"Feature","properties":{"highway":"crossing","id":"node/1700776066"},"geometry":{"type":"Point","coordinates":[20.928481,52.2909502]}},{"type":"Feature","properties":{"highway":"crossing","id":"node/1700776073"},"geometry":{"type":"Point","coordinates":[20.928595,52.2910445]}},{"type":"Feature","properties":{"highway":"crossing","id":"node/1700776083"},"geometry":{"type":"Point","coordinates":[20.9284241,52.2909762]}},{"type":"Feature","properties":{"highway":"crossing","id":"node/1700776133"},"geometry":{"type":"Point","coordinates":[20.9275349,52.2915435]}},{"type":"Feature","properties":{"highway":"crossing","id":"node/1700776156"},"geometry":{"type":"Point","coordinates":[20.9273709,52.2915548]}},{"type":"Feature","properties":{"highway":"crossing","id":"node/1700789139"},"geometry":{"type":"Point","coordinates":[20.9289581,52.2904248]}},{"type":"Feature","properties":{"highway":"crossing","id":"node/1700789152"},"geometry":{"type":"Point","coordinates":[20.9290916,52.2905327]}},{"type":"Feature","properties":{"highway":"crossing","id":"node/1700789171"},"geometry":{"type":"Point","coordinates":[20.9281833,52.2896758]}},{"type":"Feature","properties":{"highway":"crossing","id":"node/1700789210"},"geometry":{"type":"Point","coordinates":[20.9286446,52.2901714]}},{"type":"Feature","properties":{"highway":"crossing","id":"node/1700864540"},"geometry":{"type":"Point","coordinates":[20.9285389,52.2910702]}},{"type":"Feature","properties":{"highway":"crossing","id":"node/1701180681"},"geometry":{"type":"Point","coordinates":[20.9288972,52.2928497]}},{"type":"Feature","properties":{"highway":"crossing","id":"node/1702358408"},"geometry":{"type":"Point","coordinates":[20.9299837,52.291163]}},{"type":"Feature","properties":{"highway":"crossing","id":"node/1702358410"},"geometry":{"type":"Point","coordinates":[20.930427,52.290866]}},{"type":"Feature","properties":{"highway":"crossing","id":"node/1702358422"},"geometry":{"type":"Point","coordinates":[20.9304816,52.2906905]}},{"type":"Feature","properties":{"highway":"crossing","id":"node/1702358423"},"geometry":{"type":"Point","coordinates":[20.9306757,52.2908211]}},{"type":"Feature","properties":{"highway":"crossing","id":"node/1702358425"},"geometry":{"type":"Point","coordinates":[20.9305313,52.2907538]}},{"type":"Feature","properties":{"highway":"crossing","id":"node/1702388909"},"geometry":{"type":"Point","coordinates":[20.9324524,52.2921389]}},{"type":"Feature","properties":{"highway":"crossing","id":"node/1702388970"},"geometry":{"type":"Point","coordinates":[20.9316315,52.2918869]}},{"type":"Feature","properties":{"highway":"crossing","id":"node/1702388974"},"geometry":{"type":"Point","coordinates":[20.9316276,52.2917055]}},{"type":"Feature","properties":{"highway":"crossing","id":"node/1705789620"},"geometry":{"type":"Point","coordinates":[20.9829215,52.2767523]}},{"type":"Feature","properties":{"highway":"crossing","id":"node/1808260210"},"geometry":{"type":"Point","coordinates":[20.9297243,52.2811553]}},{"type":"Feature","properties":{"highway":"crossing","id":"node/1819233582"},"geometry":{"type":"Point","coordinates":[20.9273016,52.3091343]}},{"type":"Feature","properties":{"highway":"crossing","id":"node/1819233583"},"geometry":{"type":"Point","coordinates":[20.9268803,52.3091388]}},{"type":"Feature","properties":{"highway":"crossing","id":"node/1831800919"},"geometry":{"type":"Point","coordinates":[20.9503457,52.2811593]}},{"type":"Feature","properties":{"highway":"crossing","id":"node/1837409654"},"geometry":{"type":"Point","coordinates":[20.983116,52.3079657]}},{"type":"Feature","properties":{"highway":"crossing","id":"node/1838538830"},"geometry":{"type":"Point","coordinates":[20.942434,52.2870152]}},{"type":"Feature","properties":{"highway":"crossing","id":"node/1839569525"},"geometry":{"type":"Point","coordinates":[20.9713899,52.2839442]}},{"type":"Feature","properties":{"highway":"crossing","id":"node/1839569527"},"geometry":{"type":"Point","coordinates":[20.9712027,52.2839791]}},{"type":"Feature","properties":{"highway":"crossing","id":"node/1839569528"},"geometry":{"type":"Point","coordinates":[20.9714533,52.2840254]}},{"type":"Feature","properties":{"highway":"crossing","id":"node/1839569533"},"geometry":{"type":"Point","coordinates":[20.9712954,52.2840978]}},{"type":"Feature","properties":{"highway":"crossing","id":"node/1839570447"},"geometry":{"type":"Point","coordinates":[20.9724455,52.2820801]}},{"type":"Feature","properties":{"highway":"crossing","id":"node/1839586068"},"geometry":{"type":"Point","coordinates":[20.976152,52.2913473]}},{"type":"Feature","properties":{"highway":"crossing","id":"node/1839621580"},"geometry":{"type":"Point","coordinates":[20.9438272,52.2910566]}},{"type":"Feature","properties":{"highway":"crossing","id":"node/1839621606"},"geometry":{"type":"Point","coordinates":[20.9433619,52.2918689]}},{"type":"Feature","properties":{"highway":"crossing","id":"node/1839632324"},"geometry":{"type":"Point","coordinates":[20.9427837,52.2943126]}},{"type":"Feature","properties":{"highway":"crossing","id":"node/1839632338"},"geometry":{"type":"Point","coordinates":[20.9430437,52.2942632]}},{"type":"Feature","properties":{"highway":"crossing","id":"node/1839632341"},"geometry":{"type":"Point","coordinates":[20.9429881,52.294107]}},{"type":"Feature","properties":{"highway":"crossing","id":"node/1839632345"},"geometry":{"type":"Point","coordinates":[20.9427443,52.2941528]}},{"type":"Feature","properties":{"highway":"crossing","id":"node/1839966228"},"geometry":{"type":"Point","coordinates":[20.9774425,52.3076087]}},{"type":"Feature","properties":{"highway":"crossing","id":"node/1839966235"},"geometry":{"type":"Point","coordinates":[20.9830215,52.3079244]}},{"type":"Feature","properties":{"highway":"crossing","id":"node/1839966237"},"geometry":{"type":"Point","coordinates":[20.9830631,52.3079439]}},{"type":"Feature","properties":{"highway":"crossing","id":"node/1839966240"},"geometry":{"type":"Point","coordinates":[20.9835917,52.3081533]}},{"type":"Feature","properties":{"highway":"crossing","id":"node/1839966244"},"geometry":{"type":"Point","coordinates":[20.9837253,52.3082914]}},{"type":"Feature","properties":{"highway":"crossing","id":"node/1839998451"},"geometry":{"type":"Point","coordinates":[20.9464179,52.2935965]}},{"type":"Feature","properties":{"highway":"crossing","id":"node/1848781938"},"geometry":{"type":"Point","coordinates":[20.980792,52.3017088]}},{"type":"Feature","properties":{"highway":"crossing","id":"node/1886442995"},"geometry":{"type":"Point","coordinates":[20.9302222,52.2903682]}},{"type":"Feature","properties":{"highway":"crossing","id":"node/1886442997"},"geometry":{"type":"Point","coordinates":[20.9294106,52.290768]}},{"type":"Feature","properties":{"highway":"crossing","id":"node/1941747871"},"geometry":{"type":"Point","coordinates":[20.9370565,52.3005454]}},{"type":"Feature","properties":{"highway":"crossing","id":"node/1952835678"},"geometry":{"type":"Point","coordinates":[20.9845205,52.2830184]}},{"type":"Feature","properties":{"highway":"crossing","id":"node/1952835763"},"geometry":{"type":"Point","coordinates":[20.9808413,52.2885499]}},{"type":"Feature","properties":{"highway":"crossing","id":"node/1952874615"},"geometry":{"type":"Point","coordinates":[20.9403621,52.293259]}},{"type":"Feature","properties":{"highway":"crossing","id":"node/1975343691"},"geometry":{"type":"Point","coordinates":[20.9747605,52.281095]}},{"type":"Feature","properties":{"highway":"crossing","id":"node/2013624527"},"geometry":{"type":"Point","coordinates":[20.9774571,52.2796196]}},{"type":"Feature","properties":{"highway":"crossing","id":"node/2013624547"},"geometry":{"type":"Point","coordinates":[20.9752854,52.2799555]}},{"type":"Feature","properties":{"highway":"crossing","id":"node/2013624592"},"geometry":{"type":"Point","coordinates":[20.9793956,52.2804908]}},{"type":"Feature","properties":{"highway":"crossing","id":"node/2013624796"},"geometry":{"type":"Point","coordinates":[20.9745384,52.2820418]}},{"type":"Feature","properties":{"highway":"crossing","id":"node/2013624812"},"geometry":{"type":"Point","coordinates":[20.9765366,52.2822031]}},{"type":"Feature","properties":{"highway":"crossing","id":"node/2013624838"},"geometry":{"type":"Point","coordinates":[20.9758401,52.2825505]}},{"type":"Feature","properties":{"highway":"crossing","id":"node/2013624847"},"geometry":{"type":"Point","coordinates":[20.9749793,52.2828869]}},{"type":"Feature","properties":{"highway":"crossing","id":"node/2049115438"},"geometry":{"type":"Point","coordinates":[20.9460294,52.290569]}},{"type":"Feature","properties":{"highway":"crossing","id":"node/2050186354"},"geometry":{"type":"Point","coordinates":[20.9554587,52.2786855]}},{"type":"Feature","properties":{"highway":"crossing","id":"node/2050186361"},"geometry":{"type":"Point","coordinates":[20.9587524,52.2808954]}},{"type":"Feature","properties":{"highway":"crossing","id":"node/2050186362"},"geometry":{"type":"Point","coordinates":[20.9588088,52.280915]}},{"type":"Feature","properties":{"highway":"crossing","id":"node/2050186365"},"geometry":{"type":"Point","coordinates":[20.9378555,52.2900718]}},{"type":"Feature","properties":{"highway":"crossing","id":"node/2060578803"},"geometry":{"type":"Point","coordinates":[20.9368173,52.2853362]}},{"type":"Feature","properties":{"highway":"crossing","id":"node/2093619748"},"geometry":{"type":"Point","coordinates":[20.9453604,52.2878485]}},{"type":"Feature","properties":{"highway":"crossing","id":"node/2093619750"},"geometry":{"type":"Point","coordinates":[20.9456302,52.287955]}},{"type":"Feature","properties":{"highway":"crossing","id":"node/2093619757"},"geometry":{"type":"Point","coordinates":[20.9474877,52.2890393]}},{"type":"Feature","properties":{"highway":"crossing","id":"node/2093619759"},"geometry":{"type":"Point","coordinates":[20.9477664,52.2891534]}},{"type":"Feature","properties":{"highway":"crossing","id":"node/2113349487"},"geometry":{"type":"Point","coordinates":[20.9839888,52.2819303]}},{"type":"Feature","properties":{"highway":"crossing","id":"node/2175338768"},"geometry":{"type":"Point","coordinates":[20.9319742,52.2793953]}},{"type":"Feature","properties":{"highway":"crossing","id":"node/2258353420"},"geometry":{"type":"Point","coordinates":[20.9404865,52.2856772]}},{"type":"Feature","properties":{"highway":"crossing","id":"node/2261536512"},"geometry":{"type":"Point","coordinates":[20.9320552,52.2858004]}},{"type":"Feature","properties":{"highway":"crossing","id":"node/2262634352"},"geometry":{"type":"Point","coordinates":[20.9501955,52.2817174]}},{"type":"Feature","properties":{"highway":"crossing","id":"node/2282111098"},"geometry":{"type":"Point","coordinates":[20.9769296,52.2876043]}},{"type":"Feature","properties":{"highway":"crossing","id":"node/2284320694"},"geometry":{"type":"Point","coordinates":[20.9666233,52.2838044]}},{"type":"Feature","properties":{"highway":"crossing","id":"node/2362323746"},"geometry":{"type":"Point","coordinates":[20.926417,52.2872218]}},{"type":"Feature","properties":{"highway":"crossing","id":"node/2362323753"},"geometry":{"type":"Point","coordinates":[20.928653,52.289007]}},{"type":"Feature","properties":{"highway":"crossing","id":"node/2384434449"},"geometry":{"type":"Point","coordinates":[20.9367065,52.2879298]}},{"type":"Feature","properties":{"highway":"crossing","id":"node/2394854178"},"geometry":{"type":"Point","coordinates":[20.9804899,52.3044017]}},{"type":"Feature","properties":{"highway":"crossing","id":"node/2394854179"},"geometry":{"type":"Point","coordinates":[20.9803285,52.3044228]}},{"type":"Feature","properties":{"highway":"crossing","id":"node/2394854182"},"geometry":{"type":"Point","coordinates":[20.9803811,52.30453]}},{"type":"Feature","properties":{"highway":"crossing","id":"node/2394854183"},"geometry":{"type":"Point","coordinates":[20.9805456,52.3045222]}},{"type":"Feature","properties":{"highway":"crossing","id":"node/2398810132"},"geometry":{"type":"Point","coordinates":[20.9502022,52.28403]}},{"type":"Feature","properties":{"highway":"crossing","id":"node/2449177627"},"geometry":{"type":"Point","coordinates":[20.9292255,52.282721]}},{"type":"Feature","properties":{"highway":"crossing","id":"node/2452344542"},"geometry":{"type":"Point","coordinates":[20.9290094,52.2811568]}},{"type":"Feature","properties":{"highway":"crossing","id":"node/2468689315"},"geometry":{"type":"Point","coordinates":[20.9499624,52.2895825]}},{"type":"Feature","properties":{"highway":"crossing","id":"node/2468689317"},"geometry":{"type":"Point","coordinates":[20.9499561,52.2898409]}},{"type":"Feature","properties":{"highway":"crossing","id":"node/2468689318"},"geometry":{"type":"Point","coordinates":[20.9501392,52.2899036]}},{"type":"Feature","properties":{"highway":"crossing","id":"node/2481320981"},"geometry":{"type":"Point","coordinates":[20.9341747,52.3025007]}},{"type":"Feature","properties":{"highway":"crossing","id":"node/2517817423"},"geometry":{"type":"Point","coordinates":[20.9292725,52.2906527]}},{"type":"Feature","properties":{"highway":"crossing","id":"node/2517818035"},"geometry":{"type":"Point","coordinates":[20.9311962,52.2919838]}},{"type":"Feature","properties":{"highway":"crossing","id":"node/2537093627"},"geometry":{"type":"Point","coordinates":[20.9312012,52.2911482]}},{"type":"Feature","properties":{"highway":"crossing","id":"node/2537093631"},"geometry":{"type":"Point","coordinates":[20.9392559,52.3005856]}},{"type":"Feature","properties":{"highway":"crossing","id":"node/2537093634"},"geometry":{"type":"Point","coordinates":[20.9388867,52.3009977]}},{"type":"Feature","properties":{"highway":"crossing","id":"node/2566036878"},"geometry":{"type":"Point","coordinates":[20.9391669,52.2776819]}},{"type":"Feature","properties":{"highway":"crossing","id":"node/2566036880"},"geometry":{"type":"Point","coordinates":[20.9389003,52.2777098]}},{"type":"Feature","properties":{"highway":"crossing","id":"node/2566036881"},"geometry":{"type":"Point","coordinates":[20.9387639,52.278004]}},{"type":"Feature","properties":{"highway":"crossing","id":"node/2595916478"},"geometry":{"type":"Point","coordinates":[20.9507165,52.2809903]}},{"type":"Feature","properties":{"highway":"crossing","id":"node/2595916481"},"geometry":{"type":"Point","coordinates":[20.9510162,52.2812319]}},{"type":"Feature","properties":{"highway":"crossing","id":"node/2595916485"},"geometry":{"type":"Point","coordinates":[20.9506797,52.2813885]}},{"type":"Feature","properties":{"highway":"crossing","id":"node/2652580760"},"geometry":{"type":"Point","coordinates":[20.9599256,52.2769113]}},{"type":"Feature","properties":{"highway":"crossing","id":"node/2652603575"},"geometry":{"type":"Point","coordinates":[20.9582114,52.2775414]}},{"type":"Feature","properties":{"highway":"crossing","id":"node/2652603577"},"geometry":{"type":"Point","coordinates":[20.9585019,52.2777778]}},{"type":"Feature","properties":{"highway":"crossing","id":"node/2652626501"},"geometry":{"type":"Point","coordinates":[20.9579919,52.2775323]}},{"type":"Feature","properties":{"highway":"crossing","id":"node/2652626504"},"geometry":{"type":"Point","coordinates":[20.9579572,52.2776583]}},{"type":"Feature","properties":{"highway":"crossing","id":"node/2652626510"},"geometry":{"type":"Point","coordinates":[20.9582403,52.2779024]}},{"type":"Feature","properties":{"highway":"crossing","id":"node/2652626525"},"geometry":{"type":"Point","coordinates":[20.9553485,52.2787341]}},{"type":"Feature","properties":{"highway":"crossing","id":"node/2652626527"},"geometry":{"type":"Point","coordinates":[20.955602,52.278745]}},{"type":"Feature","properties":{"highway":"crossing","id":"node/2652626538"},"geometry":{"type":"Point","coordinates":[20.9552963,52.2788772]}},{"type":"Feature","properties":{"highway":"crossing","id":"node/2652626543"},"geometry":{"type":"Point","coordinates":[20.9558556,52.2789984]}},{"type":"Feature","properties":{"highway":"crossing","id":"node/2652626547"},"geometry":{"type":"Point","coordinates":[20.9555652,52.2791354]}},{"type":"Feature","properties":{"highway":"crossing","id":"node/2652677205"},"geometry":{"type":"Point","coordinates":[20.9545278,52.2791118]}},{"type":"Feature","properties":{"highway":"crossing","id":"node/2652677212"},"geometry":{"type":"Point","coordinates":[20.9536529,52.2795185]}},{"type":"Feature","properties":{"highway":"crossing","id":"node/2652677230"},"geometry":{"type":"Point","coordinates":[20.9527546,52.2800461]}},{"type":"Feature","properties":{"highway":"crossing","id":"node/2652677235"},"geometry":{"type":"Point","coordinates":[20.953044,52.2802826]}},{"type":"Feature","properties":{"highway":"crossing","id":"node/2652690204"},"geometry":{"type":"Point","coordinates":[20.9509727,52.2813917]}},{"type":"Feature","properties":{"highway":"crossing","id":"node/2652798719"},"geometry":{"type":"Point","coordinates":[20.9463479,52.2835134]}},{"type":"Feature","properties":{"highway":"crossing","id":"node/2652822395"},"geometry":{"type":"Point","coordinates":[20.9487254,52.279062]}},{"type":"Feature","properties":{"highway":"crossing","id":"node/2652822397"},"geometry":{"type":"Point","coordinates":[20.949012,52.2790916]}},{"type":"Feature","properties":{"highway":"crossing","id":"node/2652822406"},"geometry":{"type":"Point","coordinates":[20.9484969,52.2792325]}},{"type":"Feature","properties":{"highway":"crossing","id":"node/2652866287"},"geometry":{"type":"Point","coordinates":[20.9491861,52.2816037]}},{"type":"Feature","properties":{"highway":"crossing","id":"node/2652866301"},"geometry":{"type":"Point","coordinates":[20.9481189,52.2821031]}},{"type":"Feature","properties":{"highway":"crossing","id":"node/2652866309"},"geometry":{"type":"Point","coordinates":[20.9480339,52.2822246]}},{"type":"Feature","properties":{"highway":"crossing","id":"node/2652866317"},"geometry":{"type":"Point","coordinates":[20.9483376,52.2824721]}},{"type":"Feature","properties":{"highway":"crossing","id":"node/2652866322"},"geometry":{"type":"Point","coordinates":[20.9470442,52.2826029]}},{"type":"Feature","properties":{"highway":"crossing","id":"node/2652866326"},"geometry":{"type":"Point","coordinates":[20.9469756,52.2827107]}},{"type":"Feature","properties":{"highway":"crossing","id":"node/2652866332"},"geometry":{"type":"Point","coordinates":[20.9472693,52.2829455]}},{"type":"Feature","properties":{"highway":"crossing","id":"node/2652866335"},"geometry":{"type":"Point","coordinates":[20.9458699,52.2831225]}},{"type":"Feature","properties":{"highway":"crossing","id":"node/2652866344"},"geometry":{"type":"Point","coordinates":[20.9457581,52.2832642]}},{"type":"Feature","properties":{"highway":"crossing","id":"node/2652866349"},"geometry":{"type":"Point","coordinates":[20.9460734,52.2835185]}},{"type":"Feature","properties":{"highway":"crossing","id":"node/2652866374"},"geometry":{"type":"Point","coordinates":[20.9437258,52.2842075]}},{"type":"Feature","properties":{"highway":"crossing","id":"node/2652866389"},"geometry":{"type":"Point","coordinates":[20.9440689,52.2844065]}},{"type":"Feature","properties":{"highway":"crossing","id":"node/2652866391"},"geometry":{"type":"Point","coordinates":[20.9441835,52.2844989]}},{"type":"Feature","properties":{"highway":"crossing","id":"node/2652906740"},"geometry":{"type":"Point","coordinates":[20.9476702,52.276836]}},{"type":"Feature","properties":{"highway":"crossing","id":"node/2652906745"},"geometry":{"type":"Point","coordinates":[20.9479343,52.2769461]}},{"type":"Feature","properties":{"highway":"crossing","id":"node/2652906748"},"geometry":{"type":"Point","coordinates":[20.9474545,52.2770027]}},{"type":"Feature","properties":{"highway":"crossing","id":"node/2652906752"},"geometry":{"type":"Point","coordinates":[20.9477526,52.2771025]}},{"type":"Feature","properties":{"highway":"crossing","id":"node/2655221541"},"geometry":{"type":"Point","coordinates":[20.9649662,52.2791149]}},{"type":"Feature","properties":{"highway":"crossing","id":"node/2655233635"},"geometry":{"type":"Point","coordinates":[20.9830959,52.2823697]}},{"type":"Feature","properties":{"highway":"crossing","id":"node/2655233654"},"geometry":{"type":"Point","coordinates":[20.9786737,52.2857044]}},{"type":"Feature","properties":{"highway":"crossing","id":"node/2662011374"},"geometry":{"type":"Point","coordinates":[20.9504956,52.2765225]}},{"type":"Feature","properties":{"highway":"crossing","id":"node/2662061922"},"geometry":{"type":"Point","coordinates":[20.9534815,52.2763219]}},{"type":"Feature","properties":{"highway":"crossing","id":"node/2662061925"},"geometry":{"type":"Point","coordinates":[20.9538611,52.2764148]}},{"type":"Feature","properties":{"highway":"crossing","id":"node/2662061928"},"geometry":{"type":"Point","coordinates":[20.9537329,52.2764339]}},{"type":"Feature","properties":{"highway":"crossing","id":"node/2662061931"},"geometry":{"type":"Point","coordinates":[20.9526951,52.2765365]}},{"type":"Feature","properties":{"highway":"crossing","id":"node/2662061932"},"geometry":{"type":"Point","coordinates":[20.9516308,52.276659]}},{"type":"Feature","properties":{"highway":"crossing","id":"node/2662061933"},"geometry":{"type":"Point","coordinates":[20.9505663,52.2767755]}},{"type":"Feature","properties":{"highway":"crossing","id":"node/2662061934"},"geometry":{"type":"Point","coordinates":[20.9495018,52.2769138]}},{"type":"Feature","properties":{"highway":"crossing","id":"node/2662066674"},"geometry":{"type":"Point","coordinates":[20.9506632,52.2766406]}},{"type":"Feature","properties":{"highway":"crossing","id":"node/2662066676"},"geometry":{"type":"Point","coordinates":[20.9460515,52.2770156]}},{"type":"Feature","properties":{"highway":"crossing","id":"node/2662066682"},"geometry":{"type":"Point","coordinates":[20.9447266,52.2772113]}},{"type":"Feature","properties":{"highway":"crossing","id":"node/2662066686"},"geometry":{"type":"Point","coordinates":[20.9461382,52.2772854]}},{"type":"Feature","properties":{"highway":"crossing","id":"node/2662066687"},"geometry":{"type":"Point","coordinates":[20.9446164,52.2773278]}},{"type":"Feature","properties":{"highway":"crossing","id":"node/2662066688"},"geometry":{"type":"Point","coordinates":[20.9434133,52.2773805]}},{"type":"Feature","properties":{"highway":"crossing","id":"node/2662066689"},"geometry":{"type":"Point","coordinates":[20.944794,52.2774462]}},{"type":"Feature","properties":{"highway":"crossing","id":"node/2662066692"},"geometry":{"type":"Point","coordinates":[20.9419671,52.2775099]}},{"type":"Feature","properties":{"highway":"crossing","id":"node/2662066696"},"geometry":{"type":"Point","coordinates":[20.9434686,52.2775956]}},{"type":"Feature","properties":{"highway":"crossing","id":"node/2662066697"},"geometry":{"type":"Point","coordinates":[20.9421634,52.2776011]}},{"type":"Feature","properties":{"highway":"crossing","id":"node/2662066698"},"geometry":{"type":"Point","coordinates":[20.9418144,52.2776406]}},{"type":"Feature","properties":{"highway":"crossing","id":"node/2662066702"},"geometry":{"type":"Point","coordinates":[20.9420427,52.2777616]}},{"type":"Feature","properties":{"highway":"crossing","id":"node/2662108076"},"geometry":{"type":"Point","coordinates":[20.9542838,52.2775341]}},{"type":"Feature","properties":{"highway":"crossing","id":"node/2662108084"},"geometry":{"type":"Point","coordinates":[20.9544199,52.2774943]}},{"type":"Feature","properties":{"highway":"crossing","id":"node/2662111152"},"geometry":{"type":"Point","coordinates":[20.954203,52.2776111]}},{"type":"Feature","properties":{"highway":"crossing","id":"node/2662111153"},"geometry":{"type":"Point","coordinates":[20.9545876,52.2777172]}},{"type":"Feature","properties":{"highway":"crossing","id":"node/2662111158"},"geometry":{"type":"Point","coordinates":[20.9543058,52.2777505]}},{"type":"Feature","properties":{"highway":"crossing","id":"node/2662111159"},"geometry":{"type":"Point","coordinates":[20.9544481,52.2777578]}},{"type":"Feature","properties":{"highway":"crossing","id":"node/2666940153"},"geometry":{"type":"Point","coordinates":[20.9574618,52.2769801]}},{"type":"Feature","properties":{"highway":"crossing","id":"node/2666945997"},"geometry":{"type":"Point","coordinates":[20.9572104,52.277068]}},{"type":"Feature","properties":{"highway":"crossing","id":"node/2667286783"},"geometry":{"type":"Point","coordinates":[20.9396711,52.278701]}},{"type":"Feature","properties":{"highway":"crossing","id":"node/2667294831"},"geometry":{"type":"Point","coordinates":[20.9428192,52.2807562]}},{"type":"Feature","properties":{"highway":"crossing","id":"node/2667294833"},"geometry":{"type":"Point","coordinates":[20.9418206,52.2809445]}},{"type":"Feature","properties":{"highway":"crossing","id":"node/2667294848"},"geometry":{"type":"Point","coordinates":[20.9440169,52.2844247]}},{"type":"Feature","properties":{"highway":"crossing","id":"node/2667328876"},"geometry":{"type":"Point","coordinates":[20.9472307,52.2794697]}},{"type":"Feature","properties":{"highway":"crossing","id":"node/2667328894"},"geometry":{"type":"Point","coordinates":[20.9471413,52.2795936]}},{"type":"Feature","properties":{"highway":"crossing","id":"node/2667328899"},"geometry":{"type":"Point","coordinates":[20.9473534,52.2796542]}},{"type":"Feature","properties":{"highway":"crossing","id":"node/2667328908"},"geometry":{"type":"Point","coordinates":[20.9461542,52.2798561]}},{"type":"Feature","properties":{"highway":"crossing","id":"node/2668664469"},"geometry":{"type":"Point","coordinates":[20.9458659,52.2799372]}},{"type":"Feature","properties":{"highway":"crossing","id":"node/2668664470"},"geometry":{"type":"Point","coordinates":[20.9460978,52.2799578]}},{"type":"Feature","properties":{"highway":"crossing","id":"node/2668664473"},"geometry":{"type":"Point","coordinates":[20.9442816,52.2802811]}},{"type":"Feature","properties":{"highway":"crossing","id":"node/2668664475"},"geometry":{"type":"Point","coordinates":[20.9443731,52.2804169]}},{"type":"Feature","properties":{"highway":"crossing","id":"node/2668664476"},"geometry":{"type":"Point","coordinates":[20.9429132,52.2806549]}},{"type":"Feature","properties":{"highway":"crossing","id":"node/2668664479"},"geometry":{"type":"Point","coordinates":[20.943003,52.2807816]}},{"type":"Feature","properties":{"highway":"crossing","id":"node/2668680324"},"geometry":{"type":"Point","coordinates":[20.9444377,52.2803226]}},{"type":"Feature","properties":{"highway":"crossing","id":"node/2668680350"},"geometry":{"type":"Point","coordinates":[20.9430813,52.2806873]}},{"type":"Feature","properties":{"highway":"crossing","id":"node/2668706234"},"geometry":{"type":"Point","coordinates":[20.9419211,52.2810857]}},{"type":"Feature","properties":{"highway":"crossing","id":"node/2668706258"},"geometry":{"type":"Point","coordinates":[20.9413751,52.2822706]}},{"type":"Feature","properties":{"highway":"crossing","id":"node/2668706263"},"geometry":{"type":"Point","coordinates":[20.9429415,52.2836845]}},{"type":"Feature","properties":{"highway":"crossing","id":"node/2678864218"},"geometry":{"type":"Point","coordinates":[20.9390566,52.2781476]}},{"type":"Feature","properties":{"highway":"crossing","id":"node/2707870082"},"geometry":{"type":"Point","coordinates":[20.9312285,52.2920547]}},{"type":"Feature","properties":{"highway":"crossing","id":"node/2815882333"},"geometry":{"type":"Point","coordinates":[20.9401617,52.289064]}},{"type":"Feature","properties":{"highway":"crossing","id":"node/2815905499"},"geometry":{"type":"Point","coordinates":[20.9375904,52.2944088]}},{"type":"Feature","properties":{"highway":"crossing","id":"node/2815907271"},"geometry":{"type":"Point","coordinates":[20.9409049,52.2965917]}},{"type":"Feature","properties":{"highway":"crossing","id":"node/2815928959"},"geometry":{"type":"Point","coordinates":[20.9417753,52.2886188]}},{"type":"Feature","properties":{"highway":"crossing","id":"node/2815988526"},"geometry":{"type":"Point","coordinates":[20.9463889,52.2936269]}},{"type":"Feature","properties":{"highway":"crossing","id":"node/2815988527"},"geometry":{"type":"Point","coordinates":[20.9465793,52.2936943]}},{"type":"Feature","properties":{"highway":"crossing","id":"node/2816000380"},"geometry":{"type":"Point","coordinates":[20.9500087,52.2895948]}},{"type":"Feature","properties":{"highway":"crossing","id":"node/2816028284"},"geometry":{"type":"Point","coordinates":[20.9502439,52.289531]}},{"type":"Feature","properties":{"highway":"crossing","id":"node/2816028290"},"geometry":{"type":"Point","coordinates":[20.9504396,52.289602]}},{"type":"Feature","properties":{"highway":"crossing","id":"node/2816028502"},"geometry":{"type":"Point","coordinates":[20.9498607,52.2897727]}},{"type":"Feature","properties":{"highway":"crossing","id":"node/2816043672"},"geometry":{"type":"Point","coordinates":[20.9586624,52.2803914]}},{"type":"Feature","properties":{"highway":"crossing","id":"node/2816438952"},"geometry":{"type":"Point","coordinates":[20.9388284,52.3036399]}},{"type":"Feature","properties":{"highway":"crossing","id":"node/2816986823"},"geometry":{"type":"Point","coordinates":[20.9469418,52.278921]}},{"type":"Feature","properties":{"highway":"crossing","id":"node/2817022538"},"geometry":{"type":"Point","coordinates":[20.9386949,52.2780115]}},{"type":"Feature","properties":{"highway":"crossing","id":"node/2817022985"},"geometry":{"type":"Point","coordinates":[20.9424595,52.2795595]}},{"type":"Feature","properties":{"highway":"crossing","id":"node/2827960109"},"geometry":{"type":"Point","coordinates":[20.9584583,52.2779133]}},{"type":"Feature","properties":{"highway":"crossing","id":"node/2852696260"},"geometry":{"type":"Point","coordinates":[20.951606,52.2817205]}},{"type":"Feature","properties":{"highway":"crossing","id":"node/2852696278"},"geometry":{"type":"Point","coordinates":[20.9513039,52.2818567]}},{"type":"Feature","properties":{"highway":"crossing","id":"node/2852696284"},"geometry":{"type":"Point","coordinates":[20.9507466,52.2820644]}},{"type":"Feature","properties":{"highway":"crossing","id":"node/2852697609"},"geometry":{"type":"Point","coordinates":[20.9547978,52.2834233]}},{"type":"Feature","properties":{"highway":"crossing","id":"node/2852697610"},"geometry":{"type":"Point","coordinates":[20.9547632,52.2834577]}},{"type":"Feature","properties":{"highway":"crossing","id":"node/2852704291"},"geometry":{"type":"Point","coordinates":[20.9503672,52.281639]}},{"type":"Feature","properties":{"highway":"crossing","id":"node/2852753860"},"geometry":{"type":"Point","coordinates":[20.9545436,52.283445]}},{"type":"Feature","properties":{"highway":"crossing","id":"node/2852754843"},"geometry":{"type":"Point","coordinates":[20.9525828,52.282344]}},{"type":"Feature","properties":{"highway":"crossing","id":"node/2852754856"},"geometry":{"type":"Point","coordinates":[20.9527402,52.2824369]}},{"type":"Feature","properties":{"highway":"crossing","id":"node/2852833049"},"geometry":{"type":"Point","coordinates":[20.9514651,52.2784988]}},{"type":"Feature","properties":{"highway":"crossing","id":"node/2852833058"},"geometry":{"type":"Point","coordinates":[20.9513591,52.2787248]}},{"type":"Feature","properties":{"highway":"crossing","id":"node/2852833066"},"geometry":{"type":"Point","coordinates":[20.9504954,52.2788162]}},{"type":"Feature","properties":{"highway":"crossing","id":"node/2870685846"},"geometry":{"type":"Point","coordinates":[20.9616348,52.2780164]}},{"type":"Feature","properties":{"highway":"crossing","id":"node/2895794714"},"geometry":{"type":"Point","coordinates":[20.9342829,52.2884411]}},{"type":"Feature","properties":{"highway":"crossing","id":"node/2895794715"},"geometry":{"type":"Point","coordinates":[20.9335308,52.2887515]}},{"type":"Feature","properties":{"highway":"crossing","id":"node/2895794716"},"geometry":{"type":"Point","coordinates":[20.9337481,52.2887608]}},{"type":"Feature","properties":{"highway":"crossing","id":"node/2895794717"},"geometry":{"type":"Point","coordinates":[20.9334319,52.2888013]}},{"type":"Feature","properties":{"highway":"crossing","id":"node/2895794718"},"geometry":{"type":"Point","coordinates":[20.9334444,52.288906]}},{"type":"Feature","properties":{"highway":"crossing","id":"node/2895794719"},"geometry":{"type":"Point","coordinates":[20.9341172,52.2890448]}},{"type":"Feature","properties":{"highway":"crossing","id":"node/2895794722"},"geometry":{"type":"Point","coordinates":[20.9337913,52.2891828]}},{"type":"Feature","properties":{"highway":"crossing","id":"node/2895794748"},"geometry":{"type":"Point","coordinates":[20.9322862,52.2922405]}},{"type":"Feature","properties":{"highway":"crossing","id":"node/2920661782"},"geometry":{"type":"Point","coordinates":[20.9263251,52.2907007]}},{"type":"Feature","properties":{"highway":"crossing","id":"node/2920661783"},"geometry":{"type":"Point","coordinates":[20.9262496,52.2907358]}},{"type":"Feature","properties":{"highway":"crossing","id":"node/2920661793"},"geometry":{"type":"Point","coordinates":[20.9269328,52.2910872]}},{"type":"Feature","properties":{"highway":"crossing","id":"node/2920662001"},"geometry":{"type":"Point","coordinates":[20.9275152,52.2915708]}},{"type":"Feature","properties":{"highway":"crossing","id":"node/2920662002"},"geometry":{"type":"Point","coordinates":[20.9274009,52.2915789]}},{"type":"Feature","properties":{"highway":"crossing","id":"node/2920662005"},"geometry":{"type":"Point","coordinates":[20.9273245,52.2916141]}},{"type":"Feature","properties":{"highway":"crossing","id":"node/2920662011"},"geometry":{"type":"Point","coordinates":[20.9273256,52.2917328]}},{"type":"Feature","properties":{"highway":"crossing","id":"node/2920662026"},"geometry":{"type":"Point","coordinates":[20.9282672,52.2921749]}},{"type":"Feature","properties":{"highway":"crossing","id":"node/2920662032"},"geometry":{"type":"Point","coordinates":[20.9282284,52.2923016]}},{"type":"Feature","properties":{"highway":"crossing","id":"node/2920680971"},"geometry":{"type":"Point","coordinates":[20.9280052,52.2935797]}},{"type":"Feature","properties":{"highway":"crossing","id":"node/2920696833"},"geometry":{"type":"Point","coordinates":[20.9300469,52.2903177]}},{"type":"Feature","properties":{"highway":"crossing","id":"node/2920696842"},"geometry":{"type":"Point","coordinates":[20.9294564,52.2905677]}},{"type":"Feature","properties":{"highway":"crossing","id":"node/2920696847"},"geometry":{"type":"Point","coordinates":[20.9292174,52.2906329]}},{"type":"Feature","properties":{"highway":"crossing","id":"node/2920706821"},"geometry":{"type":"Point","coordinates":[20.9337949,52.2887406]}},{"type":"Feature","properties":{"highway":"crossing","id":"node/2920706828"},"geometry":{"type":"Point","coordinates":[20.9333986,52.2889276]}},{"type":"Feature","properties":{"highway":"crossing","id":"node/2920706830"},"geometry":{"type":"Point","coordinates":[20.9341602,52.2890248]}},{"type":"Feature","properties":{"highway":"crossing","id":"node/2920706831"},"geometry":{"type":"Point","coordinates":[20.934243,52.2890886]}},{"type":"Feature","properties":{"highway":"crossing","id":"node/2920706835"},"geometry":{"type":"Point","coordinates":[20.9337445,52.2892041]}},{"type":"Feature","properties":{"highway":"crossing","id":"node/2920706836"},"geometry":{"type":"Point","coordinates":[20.9324387,52.289236]}},{"type":"Feature","properties":{"highway":"crossing","id":"node/2920706863"},"geometry":{"type":"Point","coordinates":[20.9302582,52.290353]}},{"type":"Feature","properties":{"highway":"crossing","id":"node/2920706866"},"geometry":{"type":"Point","coordinates":[20.9305131,52.2906762]}},{"type":"Feature","properties":{"highway":"crossing","id":"node/2920759629"},"geometry":{"type":"Point","coordinates":[20.9450076,52.2919491]}},{"type":"Feature","properties":{"highway":"crossing","id":"node/2920759646"},"geometry":{"type":"Point","coordinates":[20.9355859,52.2926901]}},{"type":"Feature","properties":{"highway":"crossing","id":"node/2920854969"},"geometry":{"type":"Point","coordinates":[20.9761389,52.2880669]}},{"type":"Feature","properties":{"highway":"crossing","id":"node/2920899198"},"geometry":{"type":"Point","coordinates":[20.9753508,52.2894958]}},{"type":"Feature","properties":{"highway":"crossing","id":"node/2920899315"},"geometry":{"type":"Point","coordinates":[20.9754419,52.2907088]}},{"type":"Feature","properties":{"highway":"crossing","id":"node/2920939857"},"geometry":{"type":"Point","coordinates":[20.9849288,52.2818952]}},{"type":"Feature","properties":{"highway":"crossing","id":"node/2920939859"},"geometry":{"type":"Point","coordinates":[20.9843684,52.2819258]}},{"type":"Feature","properties":{"highway":"crossing","id":"node/2920943715"},"geometry":{"type":"Point","coordinates":[20.980813,52.2885099]}},{"type":"Feature","properties":{"highway":"crossing","id":"node/2940851673"},"geometry":{"type":"Point","coordinates":[20.9611497,52.2777397]}},{"type":"Feature","properties":{"highway":"crossing","id":"node/2940851674"},"geometry":{"type":"Point","coordinates":[20.9610682,52.2778216]}},{"type":"Feature","properties":{"highway":"crossing","id":"node/2940903113"},"geometry":{"type":"Point","coordinates":[20.9582284,52.2808301]}},{"type":"Feature","properties":{"highway":"crossing","railway":"tram_crossing","id":"node/2940903115"},"geometry":{"type":"Point","coordinates":[20.9587714,52.2808753]}},{"type":"Feature","properties":{"highway":"crossing","railway":"tram_crossing","id":"node/2940903117"},"geometry":{"type":"Point","coordinates":[20.958828,52.2808949]}},{"type":"Feature","properties":{"highway":"crossing","id":"node/2940903123"},"geometry":{"type":"Point","coordinates":[20.9582696,52.2810057]}},{"type":"Feature","properties":{"highway":"crossing","id":"node/2940903124"},"geometry":{"type":"Point","coordinates":[20.9587778,52.2810669]}},{"type":"Feature","properties":{"highway":"crossing","id":"node/2940903125"},"geometry":{"type":"Point","coordinates":[20.9584797,52.2810764]}},{"type":"Feature","properties":{"highway":"crossing","id":"node/2940903126"},"geometry":{"type":"Point","coordinates":[20.9585569,52.2811024]}},{"type":"Feature","properties":{"highway":"crossing","id":"node/2940903128"},"geometry":{"type":"Point","coordinates":[20.9586113,52.2811207]}},{"type":"Feature","properties":{"highway":"crossing","id":"node/2940903131"},"geometry":{"type":"Point","coordinates":[20.9588579,52.2812131]}},{"type":"Feature","properties":{"highway":"crossing","id":"node/2940903199"},"geometry":{"type":"Point","coordinates":[20.9756212,52.2870449]}},{"type":"Feature","properties":{"highway":"crossing","id":"node/2940903404"},"geometry":{"type":"Point","coordinates":[20.9771746,52.2871745]}},{"type":"Feature","properties":{"highway":"crossing","id":"node/2940903406"},"geometry":{"type":"Point","coordinates":[20.9762355,52.2872195]}},{"type":"Feature","properties":{"highway":"crossing","id":"node/2940903412"},"geometry":{"type":"Point","coordinates":[20.9766511,52.2873236]}},{"type":"Feature","properties":{"highway":"crossing","id":"node/2940903416"},"geometry":{"type":"Point","coordinates":[20.9769001,52.2874539]}},{"type":"Feature","properties":{"highway":"crossing","id":"node/2940914087"},"geometry":{"type":"Point","coordinates":[20.9561754,52.2796165]}},{"type":"Feature","properties":{"highway":"crossing","id":"node/2940914729"},"geometry":{"type":"Point","coordinates":[20.9575997,52.2806263]}},{"type":"Feature","properties":{"highway":"crossing","id":"node/2965628517"},"geometry":{"type":"Point","coordinates":[20.9624027,52.2764146]}},{"type":"Feature","properties":{"highway":"crossing","id":"node/2965628531"},"geometry":{"type":"Point","coordinates":[20.9589533,52.2801079]}},{"type":"Feature","properties":{"highway":"crossing","id":"node/2967594365"},"geometry":{"type":"Point","coordinates":[20.950168,52.2823958]}},{"type":"Feature","properties":{"highway":"crossing","id":"node/2967594368"},"geometry":{"type":"Point","coordinates":[20.95081,52.2828233]}},{"type":"Feature","properties":{"highway":"crossing","id":"node/2967594369"},"geometry":{"type":"Point","coordinates":[20.9515474,52.2832693]}},{"type":"Feature","properties":{"highway":"crossing","id":"node/2967594370"},"geometry":{"type":"Point","coordinates":[20.9522916,52.2836766]}},{"type":"Feature","properties":{"highway":"crossing","id":"node/2967594403"},"geometry":{"type":"Point","coordinates":[20.9530681,52.2852696]}},{"type":"Feature","properties":{"highway":"crossing","id":"node/2967594409"},"geometry":{"type":"Point","coordinates":[20.9529548,52.285388]}},{"type":"Feature","properties":{"highway":"crossing","id":"node/2967594425"},"geometry":{"type":"Point","coordinates":[20.9522029,52.2873039]}},{"type":"Feature","properties":{"highway":"crossing","id":"node/2967629923"},"geometry":{"type":"Point","coordinates":[20.9530592,52.2840643]}},{"type":"Feature","properties":{"highway":"crossing","id":"node/2967629924"},"geometry":{"type":"Point","coordinates":[20.9519729,52.2848798]}},{"type":"Feature","properties":{"highway":"crossing","id":"node/2967664590"},"geometry":{"type":"Point","coordinates":[20.9543778,52.2812675]}},{"type":"Feature","properties":{"highway":"crossing","id":"node/2967664591"},"geometry":{"type":"Point","coordinates":[20.9545209,52.2812741]}},{"type":"Feature","properties":{"highway":"crossing","id":"node/2967664596"},"geometry":{"type":"Point","coordinates":[20.9488352,52.2830071]}},{"type":"Feature","properties":{"highway":"crossing","id":"node/2967664598"},"geometry":{"type":"Point","coordinates":[20.9487349,52.2830516]}},{"type":"Feature","properties":{"highway":"crossing","id":"node/2967664611"},"geometry":{"type":"Point","coordinates":[20.9503714,52.284085]}},{"type":"Feature","properties":{"highway":"crossing","id":"node/2967664613"},"geometry":{"type":"Point","coordinates":[20.9511257,52.2844909]}},{"type":"Feature","properties":{"highway":"crossing","id":"node/2967664616"},"geometry":{"type":"Point","coordinates":[20.9511426,52.2845882]}},{"type":"Feature","properties":{"highway":"crossing","id":"node/2967664617"},"geometry":{"type":"Point","coordinates":[20.9512472,52.2845949]}},{"type":"Feature","properties":{"highway":"crossing","id":"node/2968063525"},"geometry":{"type":"Point","coordinates":[20.9506133,52.2826619]}},{"type":"Feature","properties":{"highway":"crossing","id":"node/2968092599"},"geometry":{"type":"Point","coordinates":[20.955777,52.2836933]}},{"type":"Feature","properties":{"highway":"crossing","id":"node/2968092602"},"geometry":{"type":"Point","coordinates":[20.9559376,52.2837465]}},{"type":"Feature","properties":{"highway":"crossing","id":"node/2968092604"},"geometry":{"type":"Point","coordinates":[20.9560309,52.2837769]}},{"type":"Feature","properties":{"highway":"crossing","id":"node/2968092605"},"geometry":{"type":"Point","coordinates":[20.9560833,52.2837948]}},{"type":"Feature","properties":{"highway":"crossing","id":"node/2968092607"},"geometry":{"type":"Point","coordinates":[20.955488,52.2838198]}},{"type":"Feature","properties":{"highway":"crossing","id":"node/2968092617"},"geometry":{"type":"Point","coordinates":[20.9538551,52.2843743]}},{"type":"Feature","properties":{"highway":"crossing","id":"node/2971488076"},"geometry":{"type":"Point","coordinates":[20.969113,52.2778923]}},{"type":"Feature","properties":{"highway":"crossing","id":"node/2986727473"},"geometry":{"type":"Point","coordinates":[20.9533318,52.277925]}},{"type":"Feature","properties":{"highway":"crossing","id":"node/2986727489"},"geometry":{"type":"Point","coordinates":[20.9505488,52.2786728]}},{"type":"Feature","properties":{"highway":"crossing","id":"node/2987310736"},"geometry":{"type":"Point","coordinates":[20.9503555,52.2786224]}},{"type":"Feature","properties":{"highway":"crossing","id":"node/2987310741"},"geometry":{"type":"Point","coordinates":[20.9503264,52.2787324]}},{"type":"Feature","properties":{"highway":"crossing","id":"node/3007009499"},"geometry":{"type":"Point","coordinates":[20.9502377,52.2823656]}},{"type":"Feature","properties":{"highway":"crossing","id":"node/3012223631"},"geometry":{"type":"Point","coordinates":[20.9656453,52.2834037]}},{"type":"Feature","properties":{"highway":"crossing","id":"node/3012244140"},"geometry":{"type":"Point","coordinates":[20.970668,52.285181]}},{"type":"Feature","properties":{"highway":"crossing","id":"node/3013340747"},"geometry":{"type":"Point","coordinates":[20.9584991,52.2781317]}},{"type":"Feature","properties":{"highway":"crossing","id":"node/3013340807"},"geometry":{"type":"Point","coordinates":[20.9588082,52.2802334]}},{"type":"Feature","properties":{"highway":"crossing","id":"node/3013358518"},"geometry":{"type":"Point","coordinates":[20.9677777,52.2764695]}},{"type":"Feature","properties":{"highway":"crossing","id":"node/3013358521"},"geometry":{"type":"Point","coordinates":[20.9683171,52.276649]}},{"type":"Feature","properties":{"highway":"crossing","id":"node/3013746096"},"geometry":{"type":"Point","coordinates":[20.9583972,52.2804603]}},{"type":"Feature","properties":{"highway":"crossing","id":"node/3034689331"},"geometry":{"type":"Point","coordinates":[20.9680727,52.2767794]}},{"type":"Feature","properties":{"highway":"crossing","id":"node/3057906624"},"geometry":{"type":"Point","coordinates":[20.9400016,52.2826191]}},{"type":"Feature","properties":{"highway":"crossing","id":"node/3163723911"},"geometry":{"type":"Point","coordinates":[20.9788477,52.2852613]}},{"type":"Feature","properties":{"highway":"crossing","id":"node/3202752257"},"geometry":{"type":"Point","coordinates":[20.9797665,52.2766181]}},{"type":"Feature","properties":{"highway":"crossing","id":"node/3202755462"},"geometry":{"type":"Point","coordinates":[20.9797809,52.2767885]}},{"type":"Feature","properties":{"highway":"crossing","id":"node/3202755464"},"geometry":{"type":"Point","coordinates":[20.9800047,52.276857]}},{"type":"Feature","properties":{"highway":"crossing","id":"node/3202755465"},"geometry":{"type":"Point","coordinates":[20.9804618,52.2768792]}},{"type":"Feature","properties":{"highway":"crossing","id":"node/3227325360"},"geometry":{"type":"Point","coordinates":[20.9692419,52.2780402]}},{"type":"Feature","properties":{"highway":"crossing","id":"node/3227331774"},"geometry":{"type":"Point","coordinates":[20.9691221,52.2780873]}},{"type":"Feature","properties":{"highway":"crossing","id":"node/3227331801"},"geometry":{"type":"Point","coordinates":[20.9685707,52.2785622]}},{"type":"Feature","properties":{"highway":"crossing","id":"node/3227331809"},"geometry":{"type":"Point","coordinates":[20.9680625,52.2791349]}},{"type":"Feature","properties":{"highway":"crossing","id":"node/3270368961"},"geometry":{"type":"Point","coordinates":[20.9308097,52.2798342]}},{"type":"Feature","properties":{"highway":"crossing","id":"node/3283054864"},"geometry":{"type":"Point","coordinates":[20.9393704,52.2847601]}},{"type":"Feature","properties":{"highway":"crossing","id":"node/3283054865"},"geometry":{"type":"Point","coordinates":[20.9407009,52.2860217]}},{"type":"Feature","properties":{"highway":"crossing","id":"node/3288708856"},"geometry":{"type":"Point","coordinates":[20.9310718,52.2915891]}},{"type":"Feature","properties":{"highway":"crossing","id":"node/3288708891"},"geometry":{"type":"Point","coordinates":[20.9324113,52.2921029]}},{"type":"Feature","properties":{"highway":"crossing","id":"node/3288708909"},"geometry":{"type":"Point","coordinates":[20.9336834,52.2930289]}},{"type":"Feature","properties":{"highway":"crossing","id":"node/3288781763"},"geometry":{"type":"Point","coordinates":[20.928855,52.2893024]}},{"type":"Feature","properties":{"highway":"crossing","id":"node/3288781766"},"geometry":{"type":"Point","coordinates":[20.9287069,52.2893321]}},{"type":"Feature","properties":{"highway":"crossing","id":"node/3288781782"},"geometry":{"type":"Point","coordinates":[20.9285387,52.2894098]}},{"type":"Feature","properties":{"highway":"crossing","id":"node/3296902191"},"geometry":{"type":"Point","coordinates":[20.9286135,52.2908272]}},{"type":"Feature","properties":{"highway":"crossing","id":"node/3298657285"},"geometry":{"type":"Point","coordinates":[20.937985,52.285382]}},{"type":"Feature","properties":{"highway":"crossing","id":"node/3298657302"},"geometry":{"type":"Point","coordinates":[20.937158,52.2858955]}},{"type":"Feature","properties":{"highway":"crossing","id":"node/3300450097"},"geometry":{"type":"Point","coordinates":[20.9320547,52.2874031]}},{"type":"Feature","properties":{"highway":"crossing","id":"node/3301501106"},"geometry":{"type":"Point","coordinates":[20.9326082,52.2922682]}},{"type":"Feature","properties":{"highway":"crossing","id":"node/3362107105"},"geometry":{"type":"Point","coordinates":[20.9784284,52.2838657]}},{"type":"Feature","properties":{"highway":"crossing","id":"node/3377148771"},"geometry":{"type":"Point","coordinates":[20.9269407,52.3089599]}},{"type":"Feature","properties":{"highway":"crossing","id":"node/3381675036"},"geometry":{"type":"Point","coordinates":[20.9393049,52.2780837]}},{"type":"Feature","properties":{"highway":"crossing","id":"node/3381675044"},"geometry":{"type":"Point","coordinates":[20.9412024,52.2853465]}},{"type":"Feature","properties":{"highway":"crossing","id":"node/3381675046"},"geometry":{"type":"Point","coordinates":[20.9413143,52.2857284]}},{"type":"Feature","properties":{"highway":"crossing","id":"node/3381675049"},"geometry":{"type":"Point","coordinates":[20.9390479,52.2781127]}},{"type":"Feature","properties":{"highway":"crossing","id":"node/3381675051"},"geometry":{"type":"Point","coordinates":[20.9393153,52.2781199]}},{"type":"Feature","properties":{"highway":"crossing","id":"node/3381675053"},"geometry":{"type":"Point","coordinates":[20.9396201,52.2787079]}},{"type":"Feature","properties":{"highway":"crossing","id":"node/3381675055"},"geometry":{"type":"Point","coordinates":[20.9403807,52.2813673]}},{"type":"Feature","properties":{"highway":"crossing","id":"node/3381691704"},"geometry":{"type":"Point","coordinates":[20.941193,52.2859681]}},{"type":"Feature","properties":{"highway":"crossing","id":"node/3381691706"},"geometry":{"type":"Point","coordinates":[20.94098,52.2860636]}},{"type":"Feature","properties":{"highway":"crossing","id":"node/3441900056"},"geometry":{"type":"Point","coordinates":[20.9582315,52.2817602]}},{"type":"Feature","properties":{"highway":"crossing","id":"node/3454226996"},"geometry":{"type":"Point","coordinates":[20.9658215,52.28352]}},{"type":"Feature","properties":{"highway":"crossing","id":"node/3479421059"},"geometry":{"type":"Point","coordinates":[20.9739221,52.2790031]}},{"type":"Feature","properties":{"highway":"crossing","id":"node/3494761439"},"geometry":{"type":"Point","coordinates":[20.9748752,52.2896055]}},{"type":"Feature","properties":{"highway":"crossing","id":"node/3510409735"},"geometry":{"type":"Point","coordinates":[20.9441737,52.2817385]}},{"type":"Feature","properties":{"highway":"crossing","id":"node/3547444241"},"geometry":{"type":"Point","coordinates":[20.9353959,52.2797895]}},{"type":"Feature","properties":{"highway":"crossing","id":"node/3572678064"},"geometry":{"type":"Point","coordinates":[20.9315708,52.2788156]}},{"type":"Feature","properties":{"highway":"crossing","id":"node/3572929892"},"geometry":{"type":"Point","coordinates":[20.934796,52.299263]}},{"type":"Feature","properties":{"highway":"crossing","id":"node/3577096240"},"geometry":{"type":"Point","coordinates":[20.9329799,52.2777929]}},{"type":"Feature","properties":{"highway":"crossing","id":"node/3579338373"},"geometry":{"type":"Point","coordinates":[20.9395987,52.2803444]}},{"type":"Feature","properties":{"highway":"crossing","id":"node/3579338374"},"geometry":{"type":"Point","coordinates":[20.9395507,52.2803462]}},{"type":"Feature","properties":{"highway":"crossing","id":"node/3579368847"},"geometry":{"type":"Point","coordinates":[20.9424365,52.2818445]}},{"type":"Feature","properties":{"highway":"crossing","id":"node/3579368849"},"geometry":{"type":"Point","coordinates":[20.9425997,52.2818824]}},{"type":"Feature","properties":{"highway":"crossing","id":"node/3579368864"},"geometry":{"type":"Point","coordinates":[20.9440055,52.2831104]}},{"type":"Feature","properties":{"highway":"crossing","id":"node/3579460390"},"geometry":{"type":"Point","coordinates":[20.9385164,52.2776562]}},{"type":"Feature","properties":{"highway":"crossing","id":"node/3579474165"},"geometry":{"type":"Point","coordinates":[20.9364113,52.2782778]}},{"type":"Feature","properties":{"highway":"crossing","id":"node/3580424000"},"geometry":{"type":"Point","coordinates":[20.9228771,52.276944]}},{"type":"Feature","properties":{"highway":"crossing","id":"node/3580424007"},"geometry":{"type":"Point","coordinates":[20.9227594,52.2795975]}},{"type":"Feature","properties":{"highway":"crossing","id":"node/3580459398"},"geometry":{"type":"Point","coordinates":[20.9231165,52.279688]}},{"type":"Feature","properties":{"highway":"crossing","id":"node/3580459399"},"geometry":{"type":"Point","coordinates":[20.9229931,52.2796932]}},{"type":"Feature","properties":{"highway":"crossing","id":"node/3580459410"},"geometry":{"type":"Point","coordinates":[20.9240238,52.2809854]}},{"type":"Feature","properties":{"highway":"crossing","id":"node/3580459411"},"geometry":{"type":"Point","coordinates":[20.9239202,52.2810328]}},{"type":"Feature","properties":{"highway":"crossing","id":"node/3580977266"},"geometry":{"type":"Point","coordinates":[20.9269266,52.2774901]}},{"type":"Feature","properties":{"highway":"crossing","id":"node/3585598878"},"geometry":{"type":"Point","coordinates":[20.9676011,52.2766156]}},{"type":"Feature","properties":{"highway":"crossing","id":"node/3585599804"},"geometry":{"type":"Point","coordinates":[20.9659008,52.2780484]}},{"type":"Feature","properties":{"highway":"crossing","id":"node/3585599806"},"geometry":{"type":"Point","coordinates":[20.96571,52.2780774]}},{"type":"Feature","properties":{"highway":"crossing","id":"node/3600919215"},"geometry":{"type":"Point","coordinates":[20.9230836,52.2847275]}},{"type":"Feature","properties":{"highway":"crossing","id":"node/3663355158"},"geometry":{"type":"Point","coordinates":[20.9407071,52.2854005]}},{"type":"Feature","properties":{"highway":"crossing","id":"node/3663355159"},"geometry":{"type":"Point","coordinates":[20.9407129,52.285444]}},{"type":"Feature","properties":{"highway":"crossing","id":"node/3663355160"},"geometry":{"type":"Point","coordinates":[20.9405404,52.2856537]}},{"type":"Feature","properties":{"highway":"crossing","id":"node/3692333681"},"geometry":{"type":"Point","coordinates":[20.9294252,52.2855392]}},{"type":"Feature","properties":{"highway":"crossing","id":"node/3692347650"},"geometry":{"type":"Point","coordinates":[20.9302461,52.2862123]}},{"type":"Feature","properties":{"highway":"crossing","id":"node/3739151442"},"geometry":{"type":"Point","coordinates":[20.9410266,52.2853138]}},{"type":"Feature","properties":{"highway":"crossing","id":"node/3756998045"},"geometry":{"type":"Point","coordinates":[20.9270381,52.2775796]}},{"type":"Feature","properties":{"highway":"crossing","id":"node/3767317031"},"geometry":{"type":"Point","coordinates":[20.9688098,52.2780499]}},{"type":"Feature","properties":{"highway":"crossing","id":"node/3767402995"},"geometry":{"type":"Point","coordinates":[20.9720606,52.2829817]}},{"type":"Feature","properties":{"highway":"crossing","id":"node/3767509081"},"geometry":{"type":"Point","coordinates":[20.9749666,52.2825401]}},{"type":"Feature","properties":{"highway":"crossing","id":"node/3809684271"},"geometry":{"type":"Point","coordinates":[20.9394009,52.2804059]}},{"type":"Feature","properties":{"highway":"crossing","id":"node/3809684273"},"geometry":{"type":"Point","coordinates":[20.938396,52.2804133]}},{"type":"Feature","properties":{"highway":"crossing","id":"node/3809684332"},"geometry":{"type":"Point","coordinates":[20.9385091,52.2819131]}},{"type":"Feature","properties":{"highway":"crossing","id":"node/3809684426"},"geometry":{"type":"Point","coordinates":[20.9436167,52.2841777]}},{"type":"Feature","properties":{"highway":"crossing","id":"node/3809684431"},"geometry":{"type":"Point","coordinates":[20.9434468,52.2842144]}},{"type":"Feature","properties":{"highway":"crossing","id":"node/3809684432"},"geometry":{"type":"Point","coordinates":[20.9436738,52.2842283]}},{"type":"Feature","properties":{"highway":"crossing","id":"node/3809684440"},"geometry":{"type":"Point","coordinates":[20.9433684,52.2843503]}},{"type":"Feature","properties":{"highway":"crossing","id":"node/3809684441"},"geometry":{"type":"Point","coordinates":[20.9433176,52.2843733]}},{"type":"Feature","properties":{"highway":"crossing","id":"node/3809684443"},"geometry":{"type":"Point","coordinates":[20.9436346,52.2845669]}},{"type":"Feature","properties":{"highway":"crossing","id":"node/3809684444"},"geometry":{"type":"Point","coordinates":[20.9435777,52.2845896]}},{"type":"Feature","properties":{"highway":"crossing","id":"node/3830163459"},"geometry":{"type":"Point","coordinates":[20.9287869,52.284738]}},{"type":"Feature","properties":{"highway":"crossing","id":"node/3830176404"},"geometry":{"type":"Point","coordinates":[20.9335651,52.2788538]}},{"type":"Feature","properties":{"highway":"crossing","id":"node/3830611761"},"geometry":{"type":"Point","coordinates":[20.9420552,52.2873586]}},{"type":"Feature","properties":{"highway":"crossing","id":"node/3830611763"},"geometry":{"type":"Point","coordinates":[20.9420147,52.287551]}},{"type":"Feature","properties":{"highway":"crossing","id":"node/3830611765"},"geometry":{"type":"Point","coordinates":[20.9410548,52.2882773]}},{"type":"Feature","properties":{"highway":"crossing","id":"node/3830611767"},"geometry":{"type":"Point","coordinates":[20.9410842,52.2884145]}},{"type":"Feature","properties":{"highway":"crossing","id":"node/3830611783"},"geometry":{"type":"Point","coordinates":[20.9389576,52.2896176]}},{"type":"Feature","properties":{"highway":"crossing","id":"node/3830611785"},"geometry":{"type":"Point","coordinates":[20.9391795,52.2896386]}},{"type":"Feature","properties":{"highway":"crossing","id":"node/3830611787"},"geometry":{"type":"Point","coordinates":[20.9471168,52.2896498]}},{"type":"Feature","properties":{"highway":"crossing","id":"node/3830611799"},"geometry":{"type":"Point","coordinates":[20.9378337,52.2902123]}},{"type":"Feature","properties":{"highway":"crossing","id":"node/3830611801"},"geometry":{"type":"Point","coordinates":[20.9378019,52.2903369]}},{"type":"Feature","properties":{"highway":"crossing","id":"node/3830611804"},"geometry":{"type":"Point","coordinates":[20.946296,52.290533]}},{"type":"Feature","properties":{"highway":"crossing","id":"node/3830611813"},"geometry":{"type":"Point","coordinates":[20.9463416,52.2906815]}},{"type":"Feature","properties":{"highway":"crossing","id":"node/3830611819"},"geometry":{"type":"Point","coordinates":[20.9361696,52.2907801]}},{"type":"Feature","properties":{"highway":"crossing","id":"node/3830611820"},"geometry":{"type":"Point","coordinates":[20.9364501,52.2908051]}},{"type":"Feature","properties":{"highway":"crossing","id":"node/3830611825"},"geometry":{"type":"Point","coordinates":[20.9361222,52.2909455]}},{"type":"Feature","properties":{"highway":"crossing","id":"node/3830611826"},"geometry":{"type":"Point","coordinates":[20.9364055,52.2909638]}},{"type":"Feature","properties":{"highway":"crossing","id":"node/3830611859"},"geometry":{"type":"Point","coordinates":[20.9452463,52.2914875]}},{"type":"Feature","properties":{"highway":"crossing","id":"node/3830611862"},"geometry":{"type":"Point","coordinates":[20.9455742,52.2915429]}},{"type":"Feature","properties":{"highway":"crossing","id":"node/3830611891"},"geometry":{"type":"Point","coordinates":[20.935347,52.292441]}},{"type":"Feature","properties":{"highway":"crossing","id":"node/3830611895"},"geometry":{"type":"Point","coordinates":[20.935277,52.2925942]}},{"type":"Feature","properties":{"highway":"crossing","id":"node/3830611911"},"geometry":{"type":"Point","coordinates":[20.9362619,52.2935514]}},{"type":"Feature","properties":{"highway":"crossing","id":"node/3830611918"},"geometry":{"type":"Point","coordinates":[20.936814,52.2936798]}},{"type":"Feature","properties":{"highway":"crossing","id":"node/3830611920"},"geometry":{"type":"Point","coordinates":[20.9366136,52.2936555]}},{"type":"Feature","properties":{"highway":"crossing","id":"node/3830611958"},"geometry":{"type":"Point","coordinates":[20.9384588,52.2951422]}},{"type":"Feature","properties":{"highway":"crossing","id":"node/3830611975"},"geometry":{"type":"Point","coordinates":[20.9411717,52.2954935]}},{"type":"Feature","properties":{"highway":"crossing","id":"node/3830611990"},"geometry":{"type":"Point","coordinates":[20.9403798,52.2956054]}},{"type":"Feature","properties":{"highway":"crossing","id":"node/3830611991"},"geometry":{"type":"Point","coordinates":[20.9410817,52.2956093]}},{"type":"Feature","properties":{"highway":"crossing","id":"node/3830612000"},"geometry":{"type":"Point","coordinates":[20.940054,52.2956952]}},{"type":"Feature","properties":{"highway":"crossing","id":"node/3830641326"},"geometry":{"type":"Point","coordinates":[20.9463394,52.2935686]}},{"type":"Feature","properties":{"highway":"crossing","id":"node/3830641341"},"geometry":{"type":"Point","coordinates":[20.945472,52.2943466]}},{"type":"Feature","properties":{"highway":"crossing","id":"node/3830641346"},"geometry":{"type":"Point","coordinates":[20.9452357,52.2945859]}},{"type":"Feature","properties":{"highway":"crossing","id":"node/3830671250"},"geometry":{"type":"Point","coordinates":[20.9379265,52.2920987]}},{"type":"Feature","properties":{"highway":"crossing","id":"node/3830674866"},"geometry":{"type":"Point","coordinates":[20.9384059,52.2922622]}},{"type":"Feature","properties":{"highway":"crossing","id":"node/3893666467"},"geometry":{"type":"Point","coordinates":[20.9833058,52.2872655]}},{"type":"Feature","properties":{"highway":"crossing","id":"node/3893666626"},"geometry":{"type":"Point","coordinates":[20.9832204,52.2872177]}},{"type":"Feature","properties":{"highway":"crossing","id":"node/3893673335"},"geometry":{"type":"Point","coordinates":[20.9826942,52.2765094]}},{"type":"Feature","properties":{"highway":"crossing","id":"node/3893674053"},"geometry":{"type":"Point","coordinates":[20.9828615,52.276403]}},{"type":"Feature","properties":{"highway":"crossing","id":"node/3893676292"},"geometry":{"type":"Point","coordinates":[20.9766938,52.2872542]}},{"type":"Feature","properties":{"highway":"crossing","id":"node/3893705363"},"geometry":{"type":"Point","coordinates":[20.9560179,52.2839921]}},{"type":"Feature","properties":{"highway":"crossing","id":"node/3894563202"},"geometry":{"type":"Point","coordinates":[20.9335781,52.2785894]}},{"type":"Feature","properties":{"highway":"crossing","id":"node/3894563210"},"geometry":{"type":"Point","coordinates":[20.9356497,52.2812108]}},{"type":"Feature","properties":{"highway":"crossing","id":"node/3894563211"},"geometry":{"type":"Point","coordinates":[20.9359709,52.2817262]}},{"type":"Feature","properties":{"highway":"crossing","id":"node/3894563213"},"geometry":{"type":"Point","coordinates":[20.9276656,52.2838159]}},{"type":"Feature","properties":{"highway":"crossing","id":"node/3894567803"},"geometry":{"type":"Point","coordinates":[20.9402931,52.2845247]}},{"type":"Feature","properties":{"highway":"crossing","id":"node/3894567808"},"geometry":{"type":"Point","coordinates":[20.9411886,52.2859249]}},{"type":"Feature","properties":{"highway":"crossing","id":"node/3894567810"},"geometry":{"type":"Point","coordinates":[20.9407544,52.2859975]}},{"type":"Feature","properties":{"highway":"crossing","id":"node/3894567812"},"geometry":{"type":"Point","coordinates":[20.9380931,52.2866715]}},{"type":"Feature","properties":{"highway":"crossing","id":"node/3894567813"},"geometry":{"type":"Point","coordinates":[20.9379906,52.2868243]}},{"type":"Feature","properties":{"highway":"crossing","id":"node/3894567814"},"geometry":{"type":"Point","coordinates":[20.9383086,52.2870814]}},{"type":"Feature","properties":{"highway":"crossing","id":"node/3894568660"},"geometry":{"type":"Point","coordinates":[20.9451268,52.2949173]}},{"type":"Feature","properties":{"highway":"crossing","id":"node/3968218446"},"geometry":{"type":"Point","coordinates":[20.9631139,52.2802791]}},{"type":"Feature","properties":{"highway":"crossing","id":"node/3968218450"},"geometry":{"type":"Point","coordinates":[20.9642684,52.2805742]}},{"type":"Feature","properties":{"highway":"crossing","id":"node/3968228259"},"geometry":{"type":"Point","coordinates":[20.966809,52.281359]}},{"type":"Feature","properties":{"highway":"crossing","id":"node/3968228260"},"geometry":{"type":"Point","coordinates":[20.9666178,52.2813915]}},{"type":"Feature","properties":{"highway":"crossing","id":"node/3968228267"},"geometry":{"type":"Point","coordinates":[20.9668971,52.2814762]}},{"type":"Feature","properties":{"highway":"crossing","id":"node/3968228269"},"geometry":{"type":"Point","coordinates":[20.9667114,52.2815246]}},{"type":"Feature","properties":{"highway":"crossing","id":"node/4008312138"},"geometry":{"type":"Point","coordinates":[20.9750345,52.2828213]}},{"type":"Feature","properties":{"highway":"crossing","id":"node/4021804902"},"geometry":{"type":"Point","coordinates":[20.968153,52.2792876]}},{"type":"Feature","properties":{"highway":"crossing","id":"node/4021804904"},"geometry":{"type":"Point","coordinates":[20.9679543,52.2793234]}},{"type":"Feature","properties":{"highway":"crossing","id":"node/4021804921"},"geometry":{"type":"Point","coordinates":[20.9661015,52.2828795]}},{"type":"Feature","properties":{"highway":"crossing","id":"node/4042281317"},"geometry":{"type":"Point","coordinates":[20.9250751,52.2771578]}},{"type":"Feature","properties":{"highway":"crossing","id":"node/4043737192"},"geometry":{"type":"Point","coordinates":[20.9347748,52.2785292]}},{"type":"Feature","properties":{"highway":"crossing","id":"node/4077920829"},"geometry":{"type":"Point","coordinates":[20.9688823,52.2941601]}},{"type":"Feature","properties":{"highway":"crossing","id":"node/4080174724"},"geometry":{"type":"Point","coordinates":[20.9393045,52.2776674]}},{"type":"Feature","properties":{"highway":"crossing","id":"node/4080174725"},"geometry":{"type":"Point","coordinates":[20.9391756,52.2777202]}},{"type":"Feature","properties":{"highway":"crossing","id":"node/4080174726"},"geometry":{"type":"Point","coordinates":[20.9389128,52.2777441]}},{"type":"Feature","properties":{"highway":"crossing","id":"node/4080174729"},"geometry":{"type":"Point","coordinates":[20.93944,52.2779019]}},{"type":"Feature","properties":{"highway":"crossing","id":"node/4080174733"},"geometry":{"type":"Point","coordinates":[20.9394767,52.2780819]}},{"type":"Feature","properties":{"highway":"crossing","id":"node/4080174737"},"geometry":{"type":"Point","coordinates":[20.9389342,52.2781607]}},{"type":"Feature","properties":{"highway":"crossing","id":"node/4080174762"},"geometry":{"type":"Point","coordinates":[20.939964,52.2804238]}},{"type":"Feature","properties":{"highway":"crossing","id":"node/4080174763"},"geometry":{"type":"Point","coordinates":[20.9397836,52.2804415]}},{"type":"Feature","properties":{"highway":"crossing","id":"node/4080174766"},"geometry":{"type":"Point","coordinates":[20.939975,52.2804597]}},{"type":"Feature","properties":{"highway":"crossing","id":"node/4080174768"},"geometry":{"type":"Point","coordinates":[20.9397923,52.2804734]}},{"type":"Feature","properties":{"highway":"crossing","id":"node/4080174777"},"geometry":{"type":"Point","coordinates":[20.9398265,52.2811891]}},{"type":"Feature","properties":{"highway":"crossing","id":"node/4080174781"},"geometry":{"type":"Point","coordinates":[20.9404391,52.2813642]}},{"type":"Feature","properties":{"highway":"crossing","id":"node/4080174786"},"geometry":{"type":"Point","coordinates":[20.9405043,52.2814857]}},{"type":"Feature","properties":{"highway":"crossing","id":"node/4080175189"},"geometry":{"type":"Point","coordinates":[20.9402154,52.2815161]}},{"type":"Feature","properties":{"highway":"crossing","id":"node/4080175190"},"geometry":{"type":"Point","coordinates":[20.9400092,52.2815295]}},{"type":"Feature","properties":{"highway":"crossing","id":"node/4080175195"},"geometry":{"type":"Point","coordinates":[20.9402202,52.2815465]}},{"type":"Feature","properties":{"highway":"crossing","id":"node/4080175196"},"geometry":{"type":"Point","coordinates":[20.9400145,52.2815608]}},{"type":"Feature","properties":{"highway":"crossing","id":"node/4080175233"},"geometry":{"type":"Point","coordinates":[20.9408835,52.2844769]}},{"type":"Feature","properties":{"highway":"crossing","id":"node/4080175248"},"geometry":{"type":"Point","coordinates":[20.940491,52.2850028]}},{"type":"Feature","properties":{"highway":"crossing","id":"node/4080175512"},"geometry":{"type":"Point","coordinates":[20.9346904,52.2888688]}},{"type":"Feature","properties":{"highway":"crossing","id":"node/4080669332"},"geometry":{"type":"Point","coordinates":[20.9367531,52.2782895]}},{"type":"Feature","properties":{"highway":"crossing","id":"node/4101928437"},"geometry":{"type":"Point","coordinates":[20.9360091,52.2986764]}},{"type":"Feature","properties":{"highway":"crossing","id":"node/4101928480"},"geometry":{"type":"Point","coordinates":[20.9350679,52.2992936]}},{"type":"Feature","properties":{"highway":"crossing","id":"node/4101928599"},"geometry":{"type":"Point","coordinates":[20.939908,52.3000938]}},{"type":"Feature","properties":{"highway":"crossing","id":"node/4101928623"},"geometry":{"type":"Point","coordinates":[20.93955,52.3005124]}},{"type":"Feature","properties":{"highway":"crossing","id":"node/4101928624"},"geometry":{"type":"Point","coordinates":[20.937007,52.3005791]}},{"type":"Feature","properties":{"highway":"crossing","id":"node/4101928625"},"geometry":{"type":"Point","coordinates":[20.9391976,52.3005624]}},{"type":"Feature","properties":{"highway":"crossing","id":"node/4101928638"},"geometry":{"type":"Point","coordinates":[20.9401619,52.3007815]}},{"type":"Feature","properties":{"highway":"crossing","id":"node/4101928646"},"geometry":{"type":"Point","coordinates":[20.9388474,52.3009756]}},{"type":"Feature","properties":{"highway":"crossing","id":"node/4101928655"},"geometry":{"type":"Point","coordinates":[20.9402591,52.3010176]}},{"type":"Feature","properties":{"highway":"crossing","id":"node/4101928667"},"geometry":{"type":"Point","coordinates":[20.9389656,52.3012084]}},{"type":"Feature","properties":{"highway":"crossing","id":"node/4101928676"},"geometry":{"type":"Point","coordinates":[20.9398453,52.3014318]}},{"type":"Feature","properties":{"highway":"crossing","id":"node/4101928682"},"geometry":{"type":"Point","coordinates":[20.9395446,52.3014707]}},{"type":"Feature","properties":{"highway":"crossing","id":"node/4157808034"},"geometry":{"type":"Point","coordinates":[20.9778226,52.2788979]}},{"type":"Feature","properties":{"highway":"crossing","id":"node/4157998798"},"geometry":{"type":"Point","coordinates":[20.9844214,52.2791515]}},{"type":"Feature","properties":{"highway":"crossing","id":"node/4158077580"},"geometry":{"type":"Point","coordinates":[20.9863915,52.2793497]}},{"type":"Feature","properties":{"highway":"crossing","id":"node/4158077720"},"geometry":{"type":"Point","coordinates":[20.9853619,52.280541]}},{"type":"Feature","properties":{"highway":"crossing","id":"node/4158077748"},"geometry":{"type":"Point","coordinates":[20.9839358,52.2817839]}},{"type":"Feature","properties":{"highway":"crossing","id":"node/4158084345"},"geometry":{"type":"Point","coordinates":[20.9845907,52.2787047]}},{"type":"Feature","properties":{"highway":"crossing","id":"node/4158087069"},"geometry":{"type":"Point","coordinates":[20.9320943,52.3011549]}},{"type":"Feature","properties":{"highway":"crossing","id":"node/4158087070"},"geometry":{"type":"Point","coordinates":[20.929237,52.3031162]}},{"type":"Feature","properties":{"highway":"crossing","id":"node/4196025322"},"geometry":{"type":"Point","coordinates":[20.9470737,52.2934196]}},{"type":"Feature","properties":{"highway":"crossing","id":"node/4196025323"},"geometry":{"type":"Point","coordinates":[20.9471238,52.2934338]}},{"type":"Feature","properties":{"highway":"crossing","id":"node/4196025324"},"geometry":{"type":"Point","coordinates":[20.9466099,52.2936646]}},{"type":"Feature","properties":{"highway":"crossing","id":"node/4209882708"},"geometry":{"type":"Point","coordinates":[20.9616988,52.2779475]}},{"type":"Feature","properties":{"highway":"crossing","id":"node/4241773446"},"geometry":{"type":"Point","coordinates":[20.9611488,52.2779899]}},{"type":"Feature","properties":{"highway":"crossing","id":"node/4241773447"},"geometry":{"type":"Point","coordinates":[20.9611112,52.2780295]}},{"type":"Feature","properties":{"highway":"crossing","id":"node/4241773449"},"geometry":{"type":"Point","coordinates":[20.9612676,52.2780848]}},{"type":"Feature","properties":{"highway":"crossing","railway":"tram_crossing","id":"node/4241773450"},"geometry":{"type":"Point","coordinates":[20.9614115,52.2780833]}},{"type":"Feature","properties":{"highway":"crossing","railway":"tram_crossing","id":"node/4241773451"},"geometry":{"type":"Point","coordinates":[20.9613757,52.278123]}},{"type":"Feature","properties":{"highway":"crossing","railway":"tram_crossing","id":"node/4241773452"},"geometry":{"type":"Point","coordinates":[20.9614611,52.2781004]}},{"type":"Feature","properties":{"highway":"crossing","railway":"tram_crossing","id":"node/4241773453"},"geometry":{"type":"Point","coordinates":[20.9614244,52.2781402]}},{"type":"Feature","properties":{"highway":"crossing","id":"node/4253322777"},"geometry":{"type":"Point","coordinates":[20.9614141,52.2776886]}},{"type":"Feature","properties":{"highway":"crossing","id":"node/4253322778"},"geometry":{"type":"Point","coordinates":[20.9615742,52.2777473]}},{"type":"Feature","properties":{"highway":"crossing","id":"node/4283904757"},"geometry":{"type":"Point","coordinates":[20.9371681,52.2840471]}},{"type":"Feature","properties":{"highway":"crossing","id":"node/4309549804"},"geometry":{"type":"Point","coordinates":[20.9306584,52.2766223]}},{"type":"Feature","properties":{"highway":"crossing","id":"node/4417574283"},"geometry":{"type":"Point","coordinates":[20.928255,52.3087334]}},{"type":"Feature","properties":{"highway":"crossing","id":"node/4444571808"},"geometry":{"type":"Point","coordinates":[20.9366854,52.285166]}},{"type":"Feature","properties":{"highway":"crossing","id":"node/4756693434"},"geometry":{"type":"Point","coordinates":[20.9781396,52.2790475]}},{"type":"Feature","properties":{"highway":"crossing","id":"node/4756693435"},"geometry":{"type":"Point","coordinates":[20.9786204,52.2792071]}},{"type":"Feature","properties":{"highway":"crossing","id":"node/4756693444"},"geometry":{"type":"Point","coordinates":[20.9840282,52.2819071]}},{"type":"Feature","properties":{"highway":"crossing","id":"node/4780679048"},"geometry":{"type":"Point","coordinates":[20.9289546,52.2851602]}},{"type":"Feature","properties":{"highway":"crossing","id":"node/4879080702"},"geometry":{"type":"Point","coordinates":[20.9504847,52.2899421]}},{"type":"Feature","properties":{"highway":"crossing","id":"node/4890094699"},"geometry":{"type":"Point","coordinates":[20.9359421,52.2986907]}},{"type":"Feature","properties":{"highway":"crossing","id":"node/4890094700"},"geometry":{"type":"Point","coordinates":[20.9358683,52.2986518]}},{"type":"Feature","properties":{"highway":"crossing","id":"node/4890094709"},"geometry":{"type":"Point","coordinates":[20.9347519,52.2992825]}},{"type":"Feature","properties":{"highway":"crossing","id":"node/4890094923"},"geometry":{"type":"Point","coordinates":[20.9343032,52.2988425]}},{"type":"Feature","properties":{"highway":"crossing","id":"node/4893997271"},"geometry":{"type":"Point","coordinates":[20.9732258,52.2804289]}},{"type":"Feature","properties":{"highway":"crossing","id":"node/4893997291"},"geometry":{"type":"Point","coordinates":[20.9694518,52.278498]}},{"type":"Feature","properties":{"highway":"crossing","id":"node/4893997307"},"geometry":{"type":"Point","coordinates":[20.9711283,52.2800385]}},{"type":"Feature","properties":{"highway":"crossing","id":"node/4910932897"},"geometry":{"type":"Point","coordinates":[20.9703005,52.2788892]}},{"type":"Feature","properties":{"highway":"crossing","id":"node/4910932902"},"geometry":{"type":"Point","coordinates":[20.9686786,52.2794421]}},{"type":"Feature","properties":{"highway":"crossing","id":"node/4910933521"},"geometry":{"type":"Point","coordinates":[20.9689264,52.2815919]}},{"type":"Feature","properties":{"highway":"crossing","id":"node/4910933535"},"geometry":{"type":"Point","coordinates":[20.9705286,52.2809877]}},{"type":"Feature","properties":{"highway":"crossing","id":"node/4912241102"},"geometry":{"type":"Point","coordinates":[20.9787209,52.2840244]}},{"type":"Feature","properties":{"highway":"crossing","id":"node/4912275963"},"geometry":{"type":"Point","coordinates":[20.9798369,52.2841485]}},{"type":"Feature","properties":{"highway":"crossing","id":"node/4912442540"},"geometry":{"type":"Point","coordinates":[20.9703777,52.2838]}},{"type":"Feature","properties":{"highway":"crossing","id":"node/4912443558"},"geometry":{"type":"Point","coordinates":[20.9791854,52.2765048]}},{"type":"Feature","properties":{"highway":"crossing","id":"node/4926900702"},"geometry":{"type":"Point","coordinates":[20.9830497,52.282321]}},{"type":"Feature","properties":{"highway":"crossing","id":"node/4926900720"},"geometry":{"type":"Point","coordinates":[20.9803741,52.2809318]}},{"type":"Feature","properties":{"highway":"crossing","id":"node/4926931187"},"geometry":{"type":"Point","coordinates":[20.9803348,52.2809026]}},{"type":"Feature","properties":{"highway":"crossing","id":"node/4927096421"},"geometry":{"type":"Point","coordinates":[20.9833266,52.2821315]}},{"type":"Feature","properties":{"highway":"crossing","id":"node/4929972176"},"geometry":{"type":"Point","coordinates":[20.9821813,52.2825271]}},{"type":"Feature","properties":{"highway":"crossing","id":"node/4929972177"},"geometry":{"type":"Point","coordinates":[20.9817621,52.2826424]}},{"type":"Feature","properties":{"highway":"crossing","id":"node/4929972199"},"geometry":{"type":"Point","coordinates":[20.9816999,52.2827867]}},{"type":"Feature","properties":{"highway":"crossing","id":"node/5022425234"},"geometry":{"type":"Point","coordinates":[20.9749983,52.2810014]}},{"type":"Feature","properties":{"highway":"crossing","id":"node/5055841382"},"geometry":{"type":"Point","coordinates":[20.9368543,52.2825654]}},{"type":"Feature","properties":{"highway":"crossing","id":"node/5088338950"},"geometry":{"type":"Point","coordinates":[20.9225663,52.2814634]}},{"type":"Feature","properties":{"highway":"crossing","id":"node/5112957365"},"geometry":{"type":"Point","coordinates":[20.9754026,52.2895139]}},{"type":"Feature","properties":{"highway":"crossing","id":"node/5112957366"},"geometry":{"type":"Point","coordinates":[20.9750984,52.2895728]}},{"type":"Feature","properties":{"highway":"crossing","id":"node/5112957383"},"geometry":{"type":"Point","coordinates":[20.9760868,52.2880523]}},{"type":"Feature","properties":{"highway":"crossing","id":"node/5112957386"},"geometry":{"type":"Point","coordinates":[20.976563,52.2875708]}},{"type":"Feature","properties":{"highway":"crossing","id":"node/5210357927"},"geometry":{"type":"Point","coordinates":[20.9407937,52.2841213]}},{"type":"Feature","properties":{"highway":"crossing","id":"node/5215070949"},"geometry":{"type":"Point","coordinates":[20.9318063,52.2895079]}},{"type":"Feature","properties":{"highway":"crossing","id":"node/5215070950"},"geometry":{"type":"Point","coordinates":[20.9318244,52.2895233]}},{"type":"Feature","properties":{"highway":"crossing","id":"node/5215070952"},"geometry":{"type":"Point","coordinates":[20.9364255,52.2878958]}},{"type":"Feature","properties":{"highway":"crossing","id":"node/5306264090"},"geometry":{"type":"Point","coordinates":[20.972703,52.2818468]}},{"type":"Feature","properties":{"highway":"crossing","id":"node/5306327365"},"geometry":{"type":"Point","coordinates":[20.9743139,52.2788612]}},{"type":"Feature","properties":{"highway":"crossing","id":"node/5306396038"},"geometry":{"type":"Point","coordinates":[20.9703681,52.279013]}},{"type":"Feature","properties":{"highway":"crossing","id":"node/5334613817"},"geometry":{"type":"Point","coordinates":[20.978356,52.2841151]}},{"type":"Feature","properties":{"highway":"crossing","id":"node/5335190050"},"geometry":{"type":"Point","coordinates":[20.9734835,52.2830898]}},{"type":"Feature","properties":{"highway":"crossing","id":"node/5349237173"},"geometry":{"type":"Point","coordinates":[20.9697685,52.2799497]}},{"type":"Feature","properties":{"highway":"crossing","id":"node/5349237177"},"geometry":{"type":"Point","coordinates":[20.9702458,52.2797488]}},{"type":"Feature","properties":{"highway":"crossing","id":"node/5349237180"},"geometry":{"type":"Point","coordinates":[20.9679263,52.2832432]}},{"type":"Feature","properties":{"highway":"crossing","id":"node/5349237183"},"geometry":{"type":"Point","coordinates":[20.968966,52.283534]}},{"type":"Feature","properties":{"highway":"crossing","id":"node/5349237184"},"geometry":{"type":"Point","coordinates":[20.9697961,52.2821002]}},{"type":"Feature","properties":{"highway":"crossing","id":"node/5349237189"},"geometry":{"type":"Point","coordinates":[20.9691385,52.2834991]}},{"type":"Feature","properties":{"highway":"crossing","id":"node/5349237190"},"geometry":{"type":"Point","coordinates":[20.9699534,52.2797263]}},{"type":"Feature","properties":{"highway":"crossing","id":"node/5349237191"},"geometry":{"type":"Point","coordinates":[20.9700082,52.2796305]}},{"type":"Feature","properties":{"highway":"crossing","id":"node/5349237193"},"geometry":{"type":"Point","coordinates":[20.9747776,52.2820675]}},{"type":"Feature","properties":{"highway":"crossing","id":"node/5349237195"},"geometry":{"type":"Point","coordinates":[20.970006,52.2837593]}},{"type":"Feature","properties":{"highway":"crossing","id":"node/5349237197"},"geometry":{"type":"Point","coordinates":[20.972755,52.2802877]}},{"type":"Feature","properties":{"highway":"crossing","id":"node/5349237203"},"geometry":{"type":"Point","coordinates":[20.9722322,52.2802763]}},{"type":"Feature","properties":{"highway":"crossing","id":"node/5349237204"},"geometry":{"type":"Point","coordinates":[20.9708571,52.2839439]}},{"type":"Feature","properties":{"highway":"crossing","id":"node/5349237205"},"geometry":{"type":"Point","coordinates":[20.9737853,52.283835]}},{"type":"Feature","properties":{"highway":"crossing","id":"node/5349237213"},"geometry":{"type":"Point","coordinates":[20.9814305,52.2813799]}},{"type":"Feature","properties":{"highway":"crossing","id":"node/5349237215"},"geometry":{"type":"Point","coordinates":[20.974497,52.2821885]}},{"type":"Feature","properties":{"highway":"crossing","id":"node/5349237216"},"geometry":{"type":"Point","coordinates":[20.974457,52.2823358]}},{"type":"Feature","properties":{"highway":"crossing","id":"node/5349237217"},"geometry":{"type":"Point","coordinates":[20.9805338,52.2834033]}},{"type":"Feature","properties":{"highway":"crossing","id":"node/5349237218"},"geometry":{"type":"Point","coordinates":[20.9726525,52.2793762]}},{"type":"Feature","properties":{"highway":"crossing","id":"node/5349237219"},"geometry":{"type":"Point","coordinates":[20.9727563,52.279379]}},{"type":"Feature","properties":{"highway":"crossing","id":"node/5349237220"},"geometry":{"type":"Point","coordinates":[20.9718768,52.2791186]}},{"type":"Feature","properties":{"highway":"crossing","id":"node/5349237622"},"geometry":{"type":"Point","coordinates":[20.9831335,52.2822376]}},{"type":"Feature","properties":{"highway":"crossing","id":"node/5349237625"},"geometry":{"type":"Point","coordinates":[20.9751189,52.2805621]}},{"type":"Feature","properties":{"highway":"crossing","id":"node/5349237630"},"geometry":{"type":"Point","coordinates":[20.975396,52.2894477]}},{"type":"Feature","properties":{"highway":"crossing","id":"node/5349237644"},"geometry":{"type":"Point","coordinates":[20.9803392,52.2832855]}},{"type":"Feature","properties":{"highway":"crossing","id":"node/5349237645"},"geometry":{"type":"Point","coordinates":[20.980276,52.2832611]}},{"type":"Feature","properties":{"highway":"crossing","id":"node/5349237646"},"geometry":{"type":"Point","coordinates":[20.9830407,52.2823887]}},{"type":"Feature","properties":{"highway":"crossing","id":"node/5349237647"},"geometry":{"type":"Point","coordinates":[20.9831579,52.2824545]}},{"type":"Feature","properties":{"highway":"crossing","id":"node/5359629797"},"geometry":{"type":"Point","coordinates":[20.9285864,52.290809]}},{"type":"Feature","properties":{"highway":"crossing","id":"node/5359629799"},"geometry":{"type":"Point","coordinates":[20.9272295,52.2910211]}},{"type":"Feature","properties":{"highway":"crossing","id":"node/5359629800"},"geometry":{"type":"Point","coordinates":[20.9273257,52.2911002]}},{"type":"Feature","properties":{"highway":"crossing","id":"node/5359629801"},"geometry":{"type":"Point","coordinates":[20.9274369,52.2911916]}},{"type":"Feature","properties":{"highway":"crossing","id":"node/5359629802"},"geometry":{"type":"Point","coordinates":[20.9276216,52.2913435]}},{"type":"Feature","properties":{"highway":"crossing","id":"node/5359629803"},"geometry":{"type":"Point","coordinates":[20.9277366,52.291438]}},{"type":"Feature","properties":{"highway":"crossing","id":"node/5374315024"},"geometry":{"type":"Point","coordinates":[20.9767232,52.2817246]}},{"type":"Feature","properties":{"highway":"crossing","id":"node/5380469902"},"geometry":{"type":"Point","coordinates":[20.9730518,52.2831284]}},{"type":"Feature","properties":{"highway":"crossing","id":"node/5380469910"},"geometry":{"type":"Point","coordinates":[20.9735441,52.2818959]}},{"type":"Feature","properties":{"highway":"crossing","id":"node/5380469921"},"geometry":{"type":"Point","coordinates":[20.9748424,52.2797625]}},{"type":"Feature","properties":{"highway":"crossing","id":"node/5380786475"},"geometry":{"type":"Point","coordinates":[20.9726444,52.2830393]}},{"type":"Feature","properties":{"highway":"crossing","id":"node/5380786483"},"geometry":{"type":"Point","coordinates":[20.972509,52.2831203]}},{"type":"Feature","properties":{"highway":"crossing","id":"node/5422133038"},"geometry":{"type":"Point","coordinates":[20.9750991,52.282027]}},{"type":"Feature","properties":{"highway":"crossing","id":"node/5431109036"},"geometry":{"type":"Point","coordinates":[20.9772774,52.2786164]}},{"type":"Feature","properties":{"highway":"crossing","id":"node/5431109064"},"geometry":{"type":"Point","coordinates":[20.9767534,52.2823198]}},{"type":"Feature","properties":{"highway":"crossing","id":"node/5431109073"},"geometry":{"type":"Point","coordinates":[20.9753223,52.2798291]}},{"type":"Feature","properties":{"highway":"crossing","id":"node/5431109095"},"geometry":{"type":"Point","coordinates":[20.9840644,52.2807097]}},{"type":"Feature","properties":{"highway":"crossing","id":"node/5431109222"},"geometry":{"type":"Point","coordinates":[20.9813664,52.2814347]}},{"type":"Feature","properties":{"highway":"crossing","id":"node/5431109250"},"geometry":{"type":"Point","coordinates":[20.9725651,52.2836937]}},{"type":"Feature","properties":{"highway":"crossing","id":"node/5431109284"},"geometry":{"type":"Point","coordinates":[20.9789427,52.2830949]}},{"type":"Feature","properties":{"highway":"crossing","id":"node/5431222985"},"geometry":{"type":"Point","coordinates":[20.9802253,52.2800611]}},{"type":"Feature","properties":{"highway":"crossing","id":"node/5469815086"},"geometry":{"type":"Point","coordinates":[20.9278572,52.2843761]}},{"type":"Feature","properties":{"highway":"crossing","id":"node/5469815103"},"geometry":{"type":"Point","coordinates":[20.9259881,52.2841761]}},{"type":"Feature","properties":{"highway":"crossing","id":"node/5469815112"},"geometry":{"type":"Point","coordinates":[20.9317936,52.2873219]}},{"type":"Feature","properties":{"highway":"crossing","id":"node/5469815113"},"geometry":{"type":"Point","coordinates":[20.9317066,52.287362]}},{"type":"Feature","properties":{"highway":"crossing","id":"node/5469815119"},"geometry":{"type":"Point","coordinates":[20.9276512,52.2839412]}},{"type":"Feature","properties":{"highway":"crossing","id":"node/5469815120"},"geometry":{"type":"Point","coordinates":[20.9275306,52.2839973]}},{"type":"Feature","properties":{"highway":"crossing","id":"node/5469815122"},"geometry":{"type":"Point","coordinates":[20.92658,52.2830595]}},{"type":"Feature","properties":{"highway":"crossing","id":"node/5469815123"},"geometry":{"type":"Point","coordinates":[20.9265032,52.2830958]}},{"type":"Feature","properties":{"highway":"crossing","id":"node/5469815124"},"geometry":{"type":"Point","coordinates":[20.926457,52.2831194]}},{"type":"Feature","properties":{"highway":"crossing","id":"node/5469815128"},"geometry":{"type":"Point","coordinates":[20.928218,52.2846623]}},{"type":"Feature","properties":{"highway":"crossing","id":"node/5469815137"},"geometry":{"type":"Point","coordinates":[20.9316339,52.2873933]}},{"type":"Feature","properties":{"highway":"crossing","id":"node/5469815202"},"geometry":{"type":"Point","coordinates":[20.9289905,52.2889688]}},{"type":"Feature","properties":{"highway":"crossing","id":"node/5469815205"},"geometry":{"type":"Point","coordinates":[20.929731,52.2886509]}},{"type":"Feature","properties":{"highway":"crossing","id":"node/5469815210"},"geometry":{"type":"Point","coordinates":[20.9315327,52.2877789]}},{"type":"Feature","properties":{"highway":"crossing","id":"node/5469815212"},"geometry":{"type":"Point","coordinates":[20.9320697,52.2875625]}},{"type":"Feature","properties":{"highway":"crossing","id":"node/5469815213"},"geometry":{"type":"Point","coordinates":[20.9320023,52.2875965]}},{"type":"Feature","properties":{"highway":"crossing","id":"node/5469815214"},"geometry":{"type":"Point","coordinates":[20.9319372,52.2876282]}},{"type":"Feature","properties":{"highway":"crossing","id":"node/5469815219"},"geometry":{"type":"Point","coordinates":[20.9323797,52.2880395]}},{"type":"Feature","properties":{"highway":"crossing","id":"node/5469815222"},"geometry":{"type":"Point","coordinates":[20.9322725,52.2879621]}},{"type":"Feature","properties":{"highway":"crossing","id":"node/5469815228"},"geometry":{"type":"Point","coordinates":[20.9316857,52.287576]}},{"type":"Feature","properties":{"highway":"crossing","id":"node/5469815235"},"geometry":{"type":"Point","coordinates":[20.9301417,52.2862399]}},{"type":"Feature","properties":{"highway":"crossing","id":"node/5469815236"},"geometry":{"type":"Point","coordinates":[20.9293364,52.285584]}},{"type":"Feature","properties":{"highway":"crossing","id":"node/5469815237"},"geometry":{"type":"Point","coordinates":[20.9288779,52.2851955]}},{"type":"Feature","properties":{"highway":"crossing","id":"node/5469815247"},"geometry":{"type":"Point","coordinates":[20.9275292,52.2841592]}},{"type":"Feature","properties":{"highway":"crossing","id":"node/5469815249"},"geometry":{"type":"Point","coordinates":[20.9274346,52.2840354]}},{"type":"Feature","properties":{"highway":"crossing","id":"node/5469815253"},"geometry":{"type":"Point","coordinates":[20.9269963,52.2836538]}},{"type":"Feature","properties":{"highway":"crossing","id":"node/5469815259"},"geometry":{"type":"Point","coordinates":[20.925427,52.2823966]}},{"type":"Feature","properties":{"highway":"crossing","id":"node/5477445766"},"geometry":{"type":"Point","coordinates":[20.9220749,52.2829826]}},{"type":"Feature","properties":{"highway":"crossing","id":"node/5477445780"},"geometry":{"type":"Point","coordinates":[20.9225393,52.2829216]}},{"type":"Feature","properties":{"highway":"crossing","id":"node/5477447059"},"geometry":{"type":"Point","coordinates":[20.9226087,52.2842095]}},{"type":"Feature","properties":{"highway":"crossing","id":"node/5477447061"},"geometry":{"type":"Point","coordinates":[20.9222094,52.2838776]}},{"type":"Feature","properties":{"highway":"crossing","id":"node/5477499964"},"geometry":{"type":"Point","coordinates":[20.9261128,52.2829209]}},{"type":"Feature","properties":{"highway":"crossing","id":"node/5477499965"},"geometry":{"type":"Point","coordinates":[20.9260841,52.282933]}},{"type":"Feature","properties":{"highway":"crossing","id":"node/5477499972"},"geometry":{"type":"Point","coordinates":[20.9269931,52.2843189]}},{"type":"Feature","properties":{"highway":"crossing","id":"node/5477499995"},"geometry":{"type":"Point","coordinates":[20.9272774,52.2868767]}},{"type":"Feature","properties":{"highway":"crossing","id":"node/5477500008"},"geometry":{"type":"Point","coordinates":[20.9271285,52.2861089]}},{"type":"Feature","properties":{"highway":"crossing","id":"node/5477500122"},"geometry":{"type":"Point","coordinates":[20.9253715,52.2863575]}},{"type":"Feature","properties":{"highway":"crossing","id":"node/5478022188"},"geometry":{"type":"Point","coordinates":[20.9253424,52.2808235]}},{"type":"Feature","properties":{"highway":"crossing","id":"node/5478022196"},"geometry":{"type":"Point","coordinates":[20.9280666,52.2801353]}},{"type":"Feature","properties":{"highway":"crossing","id":"node/5497511154"},"geometry":{"type":"Point","coordinates":[20.9346507,52.2898293]}},{"type":"Feature","properties":{"highway":"crossing","id":"node/5497511198"},"geometry":{"type":"Point","coordinates":[20.9318158,52.2903485]}},{"type":"Feature","properties":{"highway":"crossing","id":"node/5641573652"},"geometry":{"type":"Point","coordinates":[20.9791843,52.2826209]}},{"type":"Feature","properties":{"highway":"crossing","id":"node/5751981428"},"geometry":{"type":"Point","coordinates":[20.9437039,52.2846209]}},{"type":"Feature","properties":{"highway":"crossing","id":"node/5751981434"},"geometry":{"type":"Point","coordinates":[20.9412474,52.2853258]}},{"type":"Feature","properties":{"highway":"crossing","id":"node/5751981435"},"geometry":{"type":"Point","coordinates":[20.9413591,52.2857028]}},{"type":"Feature","properties":{"highway":"crossing","id":"node/5753828139"},"geometry":{"type":"Point","coordinates":[20.929394,52.2787182]}},{"type":"Feature","properties":{"highway":"crossing","id":"node/5754179724"},"geometry":{"type":"Point","coordinates":[20.9473882,52.2795278]}},{"type":"Feature","properties":{"highway":"crossing","id":"node/5756026339"},"geometry":{"type":"Point","coordinates":[20.9309645,52.2770078]}},{"type":"Feature","properties":{"highway":"crossing","id":"node/5758726093"},"geometry":{"type":"Point","coordinates":[20.939529,52.2782501]}},{"type":"Feature","properties":{"highway":"crossing","id":"node/5758726101"},"geometry":{"type":"Point","coordinates":[20.9383576,52.2870641]}},{"type":"Feature","properties":{"highway":"crossing","id":"node/5758726102"},"geometry":{"type":"Point","coordinates":[20.9380462,52.2867987]}},{"type":"Feature","properties":{"highway":"crossing","id":"node/5758726104"},"geometry":{"type":"Point","coordinates":[20.9378495,52.2866182]}},{"type":"Feature","properties":{"highway":"crossing","id":"node/5758726106"},"geometry":{"type":"Point","coordinates":[20.9379658,52.2867301]}},{"type":"Feature","properties":{"highway":"crossing","id":"node/5758726107"},"geometry":{"type":"Point","coordinates":[20.9379261,52.2867722]}},{"type":"Feature","properties":{"highway":"crossing","id":"node/5758726115"},"geometry":{"type":"Point","coordinates":[20.9382834,52.2872081]}},{"type":"Feature","properties":{"highway":"crossing","id":"node/5758726118"},"geometry":{"type":"Point","coordinates":[20.9367263,52.2879484]}},{"type":"Feature","properties":{"highway":"crossing","id":"node/5758731722"},"geometry":{"type":"Point","coordinates":[20.9367067,52.2877674]}},{"type":"Feature","properties":{"highway":"crossing","id":"node/5761389447"},"geometry":{"type":"Point","coordinates":[20.967835,52.2765953]}},{"type":"Feature","properties":{"highway":"crossing","id":"node/5801586522"},"geometry":{"type":"Point","coordinates":[20.9380494,52.2870691]}},{"type":"Feature","properties":{"highway":"crossing","id":"node/5801586523"},"geometry":{"type":"Point","coordinates":[20.9382057,52.2869983]}},{"type":"Feature","properties":{"highway":"crossing","id":"node/5801586525"},"geometry":{"type":"Point","coordinates":[20.9380617,52.2866444]}},{"type":"Feature","properties":{"highway":"crossing","id":"node/5801586540"},"geometry":{"type":"Point","coordinates":[20.9409453,52.2847037]}},{"type":"Feature","properties":{"highway":"crossing","id":"node/5802093315"},"geometry":{"type":"Point","coordinates":[20.9653167,52.2833917]}},{"type":"Feature","properties":{"highway":"crossing","id":"node/5806223483"},"geometry":{"type":"Point","coordinates":[20.9660715,52.2797843]}},{"type":"Feature","properties":{"highway":"crossing","id":"node/5806223489"},"geometry":{"type":"Point","coordinates":[20.9663045,52.2795317]}},{"type":"Feature","properties":{"highway":"crossing","id":"node/5806223496"},"geometry":{"type":"Point","coordinates":[20.9652197,52.2810446]}},{"type":"Feature","properties":{"highway":"crossing","id":"node/5806223501"},"geometry":{"type":"Point","coordinates":[20.9640904,52.280631]}},{"type":"Feature","properties":{"highway":"crossing","id":"node/5806223549"},"geometry":{"type":"Point","coordinates":[20.9668912,52.2809424]}},{"type":"Feature","properties":{"highway":"crossing","id":"node/5806223550"},"geometry":{"type":"Point","coordinates":[20.9670882,52.2806032]}},{"type":"Feature","properties":{"highway":"crossing","id":"node/5806223551"},"geometry":{"type":"Point","coordinates":[20.9673179,52.2801951]}},{"type":"Feature","properties":{"highway":"crossing","id":"node/5877918539"},"geometry":{"type":"Point","coordinates":[20.9705603,52.2765019]}},{"type":"Feature","properties":{"highway":"crossing","id":"node/5895931491"},"geometry":{"type":"Point","coordinates":[20.9305622,52.2765503]}},{"type":"Feature","properties":{"highway":"crossing","id":"node/5907971795"},"geometry":{"type":"Point","coordinates":[20.9371757,52.2959185]}},{"type":"Feature","properties":{"highway":"crossing","id":"node/5907971803"},"geometry":{"type":"Point","coordinates":[20.9373368,52.2959238]}},{"type":"Feature","properties":{"highway":"crossing","id":"node/6033710991"},"geometry":{"type":"Point","coordinates":[20.9229649,52.2794403]}},{"type":"Feature","properties":{"highway":"crossing","id":"node/6033710992"},"geometry":{"type":"Point","coordinates":[20.9231002,52.2794424]}},{"type":"Feature","properties":{"highway":"crossing","id":"node/6267682503"},"geometry":{"type":"Point","coordinates":[20.9360931,52.2953566]}},{"type":"Feature","properties":{"highway":"crossing","id":"node/6304496548"},"geometry":{"type":"Point","coordinates":[20.9806806,52.2996596]}},{"type":"Feature","properties":{"highway":"crossing","id":"node/6312526558"},"geometry":{"type":"Point","coordinates":[20.9259069,52.2927438]}},{"type":"Feature","properties":{"highway":"crossing","id":"node/6312526569"},"geometry":{"type":"Point","coordinates":[20.9260512,52.292404]}},{"type":"Feature","properties":{"highway":"crossing","id":"node/6312526570"},"geometry":{"type":"Point","coordinates":[20.9256719,52.2925492]}},{"type":"Feature","properties":{"highway":"crossing","id":"node/6312526571"},"geometry":{"type":"Point","coordinates":[20.9257058,52.292705]}},{"type":"Feature","properties":{"highway":"crossing","id":"node/6312526572"},"geometry":{"type":"Point","coordinates":[20.9258923,52.2926176]}},{"type":"Feature","properties":{"highway":"crossing","id":"node/6312526573"},"geometry":{"type":"Point","coordinates":[20.9262843,52.2924452]}},{"type":"Feature","properties":{"highway":"crossing","id":"node/6312526574"},"geometry":{"type":"Point","coordinates":[20.9262486,52.2925807]}},{"type":"Feature","properties":{"highway":"crossing","id":"node/6355280795"},"geometry":{"type":"Point","coordinates":[20.9670116,52.2771014]}},{"type":"Feature","properties":{"highway":"crossing","id":"node/6355598197"},"geometry":{"type":"Point","coordinates":[20.9617361,52.2779657]}},{"type":"Feature","properties":{"highway":"crossing","id":"node/6355598255"},"geometry":{"type":"Point","coordinates":[20.9624057,52.2782496]}},{"type":"Feature","properties":{"highway":"crossing","id":"node/6355598260"},"geometry":{"type":"Point","coordinates":[20.9651266,52.279036]}},{"type":"Feature","properties":{"highway":"crossing","id":"node/6355598261"},"geometry":{"type":"Point","coordinates":[20.9651865,52.279137]}},{"type":"Feature","properties":{"highway":"crossing","id":"node/6355598266"},"geometry":{"type":"Point","coordinates":[20.965064,52.2792349]}},{"type":"Feature","properties":{"highway":"crossing","id":"node/6355598370"},"geometry":{"type":"Point","coordinates":[20.966825,52.277124]}},{"type":"Feature","properties":{"highway":"crossing","id":"node/6355598409"},"geometry":{"type":"Point","coordinates":[20.965745,52.2781924]}},{"type":"Feature","properties":{"highway":"crossing","id":"node/6402527907"},"geometry":{"type":"Point","coordinates":[20.9771722,52.2868544]}},{"type":"Feature","properties":{"highway":"crossing","id":"node/6402527925"},"geometry":{"type":"Point","coordinates":[20.9763391,52.2872499]}},{"type":"Feature","properties":{"highway":"crossing","id":"node/6402527953"},"geometry":{"type":"Point","coordinates":[20.9755135,52.2893137]}},{"type":"Feature","properties":{"highway":"crossing","id":"node/6402996516"},"geometry":{"type":"Point","coordinates":[20.9843272,52.2818287]}},{"type":"Feature","properties":{"highway":"crossing","id":"node/6402996558"},"geometry":{"type":"Point","coordinates":[20.974322,52.28202]}},{"type":"Feature","properties":{"highway":"crossing","id":"node/6402996560"},"geometry":{"type":"Point","coordinates":[20.9738942,52.2820442]}},{"type":"Feature","properties":{"highway":"crossing","id":"node/6469556945"},"geometry":{"type":"Point","coordinates":[20.9419706,52.2980431]}},{"type":"Feature","properties":{"highway":"crossing","id":"node/6538367271"},"geometry":{"type":"Point","coordinates":[20.9403517,52.2786222]}},{"type":"Feature","properties":{"highway":"crossing","id":"node/6556294300"},"geometry":{"type":"Point","coordinates":[20.9473028,52.2896185]}},{"type":"Feature","properties":{"highway":"crossing","id":"node/6556294301"},"geometry":{"type":"Point","coordinates":[20.9486992,52.2910532]}},{"type":"Feature","properties":{"highway":"crossing","id":"node/6556294302"},"geometry":{"type":"Point","coordinates":[20.9491747,52.2904978]}},{"type":"Feature","properties":{"railway":"level_crossing","id":"node/6556294303"},"geometry":{"type":"Point","coordinates":[20.9504253,52.2898778]}},{"type":"Feature","properties":{"highway":"crossing","id":"node/6566177556"},"geometry":{"type":"Point","coordinates":[20.9846302,52.3064175]}},{"type":"Feature","properties":{"highway":"crossing","id":"node/6566177559"},"geometry":{"type":"Point","coordinates":[20.9855022,52.3057327]}},{"type":"Feature","properties":{"highway":"crossing","id":"node/6566214727"},"geometry":{"type":"Point","coordinates":[20.9744495,52.3068512]}},{"type":"Feature","properties":{"highway":"crossing","id":"node/6566214732"},"geometry":{"type":"Point","coordinates":[20.9753542,52.3070814]}},{"type":"Feature","properties":{"highway":"crossing","id":"node/6566214740"},"geometry":{"type":"Point","coordinates":[20.9781725,52.3069488]}},{"type":"Feature","properties":{"highway":"crossing","id":"node/6566214752"},"geometry":{"type":"Point","coordinates":[20.9790273,52.3060228]}},{"type":"Feature","properties":{"highway":"crossing","id":"node/6566214770"},"geometry":{"type":"Point","coordinates":[20.9835853,52.3059775]}},{"type":"Feature","properties":{"highway":"crossing","id":"node/6566221301"},"geometry":{"type":"Point","coordinates":[20.9810264,52.3037615]}},{"type":"Feature","properties":{"highway":"crossing","id":"node/6566221319"},"geometry":{"type":"Point","coordinates":[20.9815041,52.3032085]}},{"type":"Feature","properties":{"highway":"crossing","id":"node/6566221348"},"geometry":{"type":"Point","coordinates":[20.9821289,52.3027477]}},{"type":"Feature","properties":{"highway":"crossing","id":"node/6566221366"},"geometry":{"type":"Point","coordinates":[20.9832172,52.3029881]}},{"type":"Feature","properties":{"highway":"crossing","id":"node/6566221371"},"geometry":{"type":"Point","coordinates":[20.9834562,52.3029562]}},{"type":"Feature","properties":{"highway":"crossing","id":"node/6566221380"},"geometry":{"type":"Point","coordinates":[20.9856831,52.3037655]}},{"type":"Feature","properties":{"highway":"crossing","id":"node/6640368551"},"geometry":{"type":"Point","coordinates":[20.9400397,52.2844995]}},{"type":"Feature","properties":{"highway":"crossing","id":"node/6640368552"},"geometry":{"type":"Point","coordinates":[20.9391503,52.2847167]}},{"type":"Feature","properties":{"highway":"crossing","id":"node/6640368554"},"geometry":{"type":"Point","coordinates":[20.939097,52.2848833]}},{"type":"Feature","properties":{"highway":"crossing","id":"node/6640368556"},"geometry":{"type":"Point","coordinates":[20.9390695,52.2845483]}},{"type":"Feature","properties":{"highway":"crossing","id":"node/6640368557"},"geometry":{"type":"Point","coordinates":[20.9372707,52.2857135]}},{"type":"Feature","properties":{"highway":"crossing","id":"node/6646292548"},"geometry":{"type":"Point","coordinates":[20.9321787,52.3012939]}},{"type":"Feature","properties":{"highway":"crossing","id":"node/6685637558"},"geometry":{"type":"Point","coordinates":[20.9436586,52.277431]}},{"type":"Feature","properties":{"highway":"crossing","id":"node/6685667191"},"geometry":{"type":"Point","coordinates":[20.9474712,52.2765605]}},{"type":"Feature","properties":{"highway":"crossing","id":"node/6709883812"},"geometry":{"type":"Point","coordinates":[20.9639487,52.2829092]}},{"type":"Feature","properties":{"highway":"crossing","id":"node/6771747290"},"geometry":{"type":"Point","coordinates":[20.9747933,52.286697]}},{"type":"Feature","properties":{"highway":"crossing","id":"node/6783110151"},"geometry":{"type":"Point","coordinates":[20.9313374,52.2964256]}},{"type":"Feature","properties":{"highway":"crossing","id":"node/6801765647"},"geometry":{"type":"Point","coordinates":[20.9414031,52.285793]}},{"type":"Feature","properties":{"railway":"level_crossing","id":"node/7016502308"},"geometry":{"type":"Point","coordinates":[20.9268702,52.2988561]}},{"type":"Feature","properties":{"railway":"level_crossing","id":"node/7016502309"},"geometry":{"type":"Point","coordinates":[20.9272384,52.2981871]}},{"type":"Feature","properties":{"railway":"level_crossing","id":"node/7016502312"},"geometry":{"type":"Point","coordinates":[20.925537,52.3004885]}},{"type":"Feature","properties":{"railway":"level_crossing","id":"node/7016502313"},"geometry":{"type":"Point","coordinates":[20.9256142,52.3005508]}},{"type":"Feature","properties":{"railway":"level_crossing","id":"node/7016502314"},"geometry":{"type":"Point","coordinates":[20.9256443,52.3005751]}},{"type":"Feature","properties":{"railway":"level_crossing","id":"node/7016502315"},"geometry":{"type":"Point","coordinates":[20.9256967,52.3006173]}},{"type":"Feature","properties":{"highway":"crossing","id":"node/7076986976"},"geometry":{"type":"Point","coordinates":[20.9737529,52.2799033]}},{"type":"Feature","properties":{"highway":"crossing","id":"node/7077020215"},"geometry":{"type":"Point","coordinates":[20.9738567,52.2797212]}},{"type":"Feature","properties":{"highway":"crossing","id":"node/7077020216"},"geometry":{"type":"Point","coordinates":[20.9738734,52.2796701]}},{"type":"Feature","properties":{"highway":"crossing","id":"node/7077020217"},"geometry":{"type":"Point","coordinates":[20.9738834,52.2796289]}},{"type":"Feature","properties":{"highway":"crossing","id":"node/7077800188"},"geometry":{"type":"Point","coordinates":[20.9735574,52.2803619]}},{"type":"Feature","properties":{"highway":"crossing","id":"node/7078531018"},"geometry":{"type":"Point","coordinates":[20.9656249,52.2766074]}},{"type":"Feature","properties":{"highway":"crossing","id":"node/7080223787"},"geometry":{"type":"Point","coordinates":[20.9313087,52.296438]}},{"type":"Feature","properties":{"highway":"crossing","id":"node/7093384920"},"geometry":{"type":"Point","coordinates":[20.9744132,52.3066952]}},{"type":"Feature","properties":{"highway":"crossing","id":"node/7112372311"},"geometry":{"type":"Point","coordinates":[20.9333116,52.2778218]}},{"type":"Feature","properties":{"highway":"crossing","id":"node/7112372312"},"geometry":{"type":"Point","coordinates":[20.9335469,52.2777633]}},{"type":"Feature","properties":{"highway":"crossing","id":"node/7142519098"},"geometry":{"type":"Point","coordinates":[20.9690856,52.2780535]}},{"type":"Feature","properties":{"highway":"crossing","id":"node/7142519099"},"geometry":{"type":"Point","coordinates":[20.9687677,52.2780193]}},{"type":"Feature","properties":{"highway":"crossing","id":"node/7142519104"},"geometry":{"type":"Point","coordinates":[20.9692168,52.2778852]}},{"type":"Feature","properties":{"highway":"crossing","id":"node/7171378773"},"geometry":{"type":"Point","coordinates":[20.9521663,52.2877608]}},{"type":"Feature","properties":{"highway":"crossing","id":"node/7171378774"},"geometry":{"type":"Point","coordinates":[20.9519845,52.2876986]}},{"type":"Feature","properties":{"highway":"crossing","id":"node/7171484754"},"geometry":{"type":"Point","coordinates":[20.937504,52.2884052]}},{"type":"Feature","properties":{"highway":"crossing","id":"node/7171484755"},"geometry":{"type":"Point","coordinates":[20.9372861,52.2883797]}},{"type":"Feature","properties":{"highway":"crossing","id":"node/7171484756"},"geometry":{"type":"Point","coordinates":[20.9374931,52.2885344]}},{"type":"Feature","properties":{"highway":"crossing","id":"node/7171484757"},"geometry":{"type":"Point","coordinates":[20.937235,52.2885309]}},{"type":"Feature","properties":{"highway":"crossing","id":"node/7175458509"},"geometry":{"type":"Point","coordinates":[20.9389259,52.2913018]}},{"type":"Feature","properties":{"highway":"crossing","id":"node/7175458514"},"geometry":{"type":"Point","coordinates":[20.9392967,52.2917519]}},{"type":"Feature","properties":{"highway":"crossing","id":"node/7176323037"},"geometry":{"type":"Point","coordinates":[20.9579436,52.2768269]}},{"type":"Feature","properties":{"highway":"crossing","id":"node/7179586741"},"geometry":{"type":"Point","coordinates":[20.9384191,52.2839842]}},{"type":"Feature","properties":{"highway":"crossing","id":"node/7179586744"},"geometry":{"type":"Point","coordinates":[20.9378088,52.2833802]}},{"type":"Feature","properties":{"highway":"crossing","id":"node/7184620762"},"geometry":{"type":"Point","coordinates":[20.9243192,52.2775776]}},{"type":"Feature","properties":{"highway":"crossing","id":"node/7184620778"},"geometry":{"type":"Point","coordinates":[20.9244609,52.2777534]}},{"type":"Feature","properties":{"highway":"crossing","id":"node/7184625978"},"geometry":{"type":"Point","coordinates":[20.9220429,52.2816042]}},{"type":"Feature","properties":{"highway":"crossing","id":"node/7184625982"},"geometry":{"type":"Point","coordinates":[20.9223812,52.2815124]}},{"type":"Feature","properties":{"highway":"crossing","id":"node/7185066197"},"geometry":{"type":"Point","coordinates":[20.9254828,52.2774751]}},{"type":"Feature","properties":{"highway":"crossing","id":"node/7192954719"},"geometry":{"type":"Point","coordinates":[20.9423458,52.28811]}},{"type":"Feature","properties":{"highway":"crossing","id":"node/7192954732"},"geometry":{"type":"Point","coordinates":[20.9430795,52.288875]}},{"type":"Feature","properties":{"highway":"crossing","id":"node/7192954743"},"geometry":{"type":"Point","coordinates":[20.9425148,52.2881487]}},{"type":"Feature","properties":{"highway":"crossing","id":"node/7192954752"},"geometry":{"type":"Point","coordinates":[20.9431464,52.288957]}},{"type":"Feature","properties":{"highway":"crossing","id":"node/7192955243"},"geometry":{"type":"Point","coordinates":[20.947531,52.2891863]}},{"type":"Feature","properties":{"highway":"crossing","id":"node/7192955273"},"geometry":{"type":"Point","coordinates":[20.9454257,52.287996]}},{"type":"Feature","properties":{"highway":"crossing","id":"node/7193021165"},"geometry":{"type":"Point","coordinates":[20.9428301,52.2891578]}},{"type":"Feature","properties":{"highway":"crossing","id":"node/7196906922"},"geometry":{"type":"Point","coordinates":[20.9740234,52.2837253]}},{"type":"Feature","properties":{"highway":"crossing","id":"node/7196906923"},"geometry":{"type":"Point","coordinates":[20.9740592,52.2835964]}},{"type":"Feature","properties":{"highway":"crossing","id":"node/7204895252"},"geometry":{"type":"Point","coordinates":[20.9354645,52.2810301]}},{"type":"Feature","properties":{"highway":"crossing","id":"node/7204895266"},"geometry":{"type":"Point","coordinates":[20.9360471,52.2816147]}},{"type":"Feature","properties":{"highway":"crossing","id":"node/7204895317"},"geometry":{"type":"Point","coordinates":[20.9342093,52.2836743]}},{"type":"Feature","properties":{"highway":"crossing","id":"node/7212702790"},"geometry":{"type":"Point","coordinates":[20.9309278,52.2811301]}},{"type":"Feature","properties":{"highway":"crossing","id":"node/7212702793"},"geometry":{"type":"Point","coordinates":[20.9303176,52.281144]}},{"type":"Feature","properties":{"highway":"crossing","id":"node/7214044193"},"geometry":{"type":"Point","coordinates":[20.934587,52.2928269]}},{"type":"Feature","properties":{"highway":"crossing","id":"node/7214044197"},"geometry":{"type":"Point","coordinates":[20.9347912,52.2927729]}},{"type":"Feature","properties":{"highway":"crossing","id":"node/7214051321"},"geometry":{"type":"Point","coordinates":[20.9706339,52.2764018]}},{"type":"Feature","properties":{"highway":"crossing","id":"node/7214051325"},"geometry":{"type":"Point","coordinates":[20.9625376,52.2801948]}},{"type":"Feature","properties":{"highway":"crossing","id":"node/7217189689"},"geometry":{"type":"Point","coordinates":[20.942774,52.2836552]}},{"type":"Feature","properties":{"highway":"crossing","id":"node/7217189732"},"geometry":{"type":"Point","coordinates":[20.9421783,52.2853987]}},{"type":"Feature","properties":{"highway":"crossing","id":"node/7217190020"},"geometry":{"type":"Point","coordinates":[20.9398026,52.2972801]}},{"type":"Feature","properties":{"highway":"crossing","id":"node/7217190037"},"geometry":{"type":"Point","coordinates":[20.9417756,52.2978257]}},{"type":"Feature","properties":{"highway":"crossing","id":"node/7319470584"},"geometry":{"type":"Point","coordinates":[20.9686841,52.2819163]}},{"type":"Feature","properties":{"highway":"crossing","id":"node/7319508891"},"geometry":{"type":"Point","coordinates":[20.967424,52.2816362]}},{"type":"Feature","properties":{"highway":"crossing","id":"node/7319508962"},"geometry":{"type":"Point","coordinates":[20.96755,52.2832545]}},{"type":"Feature","properties":{"highway":"crossing","id":"node/7647442048"},"geometry":{"type":"Point","coordinates":[20.9787715,52.2765924]}},{"type":"Feature","properties":{"highway":"crossing","id":"node/7674724477"},"geometry":{"type":"Point","coordinates":[20.9674575,52.2815661]}},{"type":"Feature","properties":{"highway":"crossing","id":"node/7737906426"},"geometry":{"type":"Point","coordinates":[20.9507306,52.2813676]}},{"type":"Feature","properties":{"highway":"crossing","id":"node/7737906427"},"geometry":{"type":"Point","coordinates":[20.9503911,52.2811394]}},{"type":"Feature","properties":{"highway":"crossing","id":"node/7737906434"},"geometry":{"type":"Point","coordinates":[20.9485615,52.2792162]}},{"type":"Feature","properties":{"highway":"crossing","id":"node/7775565994"},"geometry":{"type":"Point","coordinates":[20.9279561,52.2936054]}},{"type":"Feature","properties":{"highway":"crossing","id":"node/7775565997"},"geometry":{"type":"Point","coordinates":[20.9329793,52.2979577]}},{"type":"Feature","properties":{"highway":"crossing","id":"node/7775566008"},"geometry":{"type":"Point","coordinates":[20.929886,52.2955209]}},{"type":"Feature","properties":{"highway":"crossing","id":"node/7775566035"},"geometry":{"type":"Point","coordinates":[20.9301371,52.2957517]}},{"type":"Feature","properties":{"highway":"crossing","id":"node/7895153151"},"geometry":{"type":"Point","coordinates":[20.9292492,52.2928924]}},{"type":"Feature","properties":{"highway":"crossing","id":"node/7895153152"},"geometry":{"type":"Point","coordinates":[20.9293253,52.2929562]}},{"type":"Feature","properties":{"highway":"crossing","id":"node/7992022662"},"geometry":{"type":"Point","coordinates":[20.9627255,52.2769982]}},{"type":"Feature","properties":{"highway":"crossing","id":"node/8019194068"},"geometry":{"type":"Point","coordinates":[20.9446135,52.2842983]}},{"type":"Feature","properties":{"highway":"crossing","id":"node/8019194069"},"geometry":{"type":"Point","coordinates":[20.9446274,52.2843122]}},{"type":"Feature","properties":{"highway":"crossing","id":"node/8019194070"},"geometry":{"type":"Point","coordinates":[20.9457015,52.2837867]}},{"type":"Feature","properties":{"highway":"crossing","id":"node/8019194071"},"geometry":{"type":"Point","coordinates":[20.9457224,52.2838045]}},{"type":"Feature","properties":{"highway":"crossing","id":"node/8069695327"},"geometry":{"type":"Point","coordinates":[20.9239878,52.3074586]}},{"type":"Feature","properties":{"highway":"crossing","id":"node/8071294895"},"geometry":{"type":"Point","coordinates":[20.9308802,52.3043936]}},{"type":"Feature","properties":{"highway":"crossing","id":"node/8071294900"},"geometry":{"type":"Point","coordinates":[20.9311071,52.3044254]}},{"type":"Feature","properties":{"highway":"crossing","id":"node/8071294906"},"geometry":{"type":"Point","coordinates":[20.9323002,52.3036774]}},{"type":"Feature","properties":{"highway":"crossing","id":"node/8071294910"},"geometry":{"type":"Point","coordinates":[20.9325515,52.3035393]}},{"type":"Feature","properties":{"highway":"crossing","id":"node/8071303921"},"geometry":{"type":"Point","coordinates":[20.9233863,52.3086264]}},{"type":"Feature","properties":{"highway":"crossing","id":"node/8266125863"},"geometry":{"type":"Point","coordinates":[20.984846,52.3035559]}},{"type":"Feature","properties":{"highway":"crossing","id":"node/8307193031"},"geometry":{"type":"Point","coordinates":[20.9837991,52.2767096]}},{"type":"Feature","properties":{"highway":"crossing","id":"node/8322734878"},"geometry":{"type":"Point","coordinates":[20.9772936,52.3033895]}},{"type":"Feature","properties":{"highway":"crossing","id":"node/8322734883"},"geometry":{"type":"Point","coordinates":[20.977198,52.3032643]}},{"type":"Feature","properties":{"highway":"crossing","id":"node/8322734889"},"geometry":{"type":"Point","coordinates":[20.977982,52.3026015]}},{"type":"Feature","properties":{"highway":"crossing","id":"node/8322734895"},"geometry":{"type":"Point","coordinates":[20.9775216,52.3023822]}},{"type":"Feature","properties":{"highway":"crossing","id":"node/8322734899"},"geometry":{"type":"Point","coordinates":[20.9769369,52.3032219]}},{"type":"Feature","properties":{"highway":"crossing","id":"node/8322734904"},"geometry":{"type":"Point","coordinates":[20.9769431,52.3028815]}},{"type":"Feature","properties":{"highway":"crossing","id":"node/8322745229"},"geometry":{"type":"Point","coordinates":[20.9794648,52.3009591]}},{"type":"Feature","properties":{"highway":"crossing","id":"node/8322745232"},"geometry":{"type":"Point","coordinates":[20.979264,52.3011708]}},{"type":"Feature","properties":{"highway":"crossing","id":"node/8322745235"},"geometry":{"type":"Point","coordinates":[20.9783638,52.3022892]}},{"type":"Feature","properties":{"highway":"crossing","id":"node/8646357288"},"geometry":{"type":"Point","coordinates":[20.9699467,52.2937444]}},{"type":"Feature","properties":{"highway":"crossing","id":"node/8688768061"},"geometry":{"type":"Point","coordinates":[20.9458253,52.2905082]}},{"type":"Feature","properties":{"railway":"level_crossing","id":"node/8702722141"},"geometry":{"type":"Point","coordinates":[20.9250583,52.302238]}},{"type":"Feature","properties":{"railway":"level_crossing","id":"node/8702722145"},"geometry":{"type":"Point","coordinates":[20.9249132,52.3025088]}},{"type":"Feature","properties":{"highway":"crossing","id":"node/8823326285"},"geometry":{"type":"Point","coordinates":[20.9752327,52.279856]}},{"type":"Feature","properties":{"highway":"crossing","id":"node/8823380834"},"geometry":{"type":"Point","coordinates":[20.9678658,52.2792246]}},{"type":"Feature","properties":{"highway":"crossing","id":"node/8823380859"},"geometry":{"type":"Point","coordinates":[20.9710191,52.27995]}},{"type":"Feature","properties":{"highway":"crossing","id":"node/8830083479"},"geometry":{"type":"Point","coordinates":[20.969281,52.2773144]}},{"type":"Feature","properties":{"highway":"crossing","id":"node/8830083490"},"geometry":{"type":"Point","coordinates":[20.9691404,52.278029]}},{"type":"Feature","properties":{"highway":"crossing","id":"node/8831962456"},"geometry":{"type":"Point","coordinates":[20.966681,52.2829465]}},{"type":"Feature","properties":{"highway":"crossing","id":"node/8835639738"},"geometry":{"type":"Point","coordinates":[20.9405438,52.2823822]}},{"type":"Feature","properties":{"highway":"crossing","id":"node/8835639739"},"geometry":{"type":"Point","coordinates":[20.9405503,52.2825464]}},{"type":"Feature","properties":{"highway":"crossing","id":"node/8862667025"},"geometry":{"type":"Point","coordinates":[20.9519249,52.2875997]}},{"type":"Feature","properties":{"highway":"crossing","id":"node/8870495430"},"geometry":{"type":"Point","coordinates":[20.9368005,52.2848527]}},{"type":"Feature","properties":{"highway":"crossing","id":"node/8904002593"},"geometry":{"type":"Point","coordinates":[20.9386879,52.2799467]}},{"type":"Feature","properties":{"highway":"crossing","id":"node/8904002612"},"geometry":{"type":"Point","coordinates":[20.9397568,52.2810224]}},{"type":"Feature","properties":{"highway":"crossing","id":"node/8904017500"},"geometry":{"type":"Point","coordinates":[20.9386262,52.2790652]}},{"type":"Feature","properties":{"highway":"crossing","id":"node/8904017501"},"geometry":{"type":"Point","coordinates":[20.938663,52.2795778]}},{"type":"Feature","properties":{"highway":"crossing","id":"node/8974950472"},"geometry":{"type":"Point","coordinates":[20.943047,52.3041502]}},{"type":"Feature","properties":{"highway":"crossing","id":"node/8992663476"},"geometry":{"type":"Point","coordinates":[20.9513465,52.2818373]}},{"type":"Feature","properties":{"highway":"crossing","id":"node/8992663477"},"geometry":{"type":"Point","coordinates":[20.951598,52.2818516]}},{"type":"Feature","properties":{"highway":"crossing","id":"node/8992663478"},"geometry":{"type":"Point","coordinates":[20.9545921,52.283643]}},{"type":"Feature","properties":{"highway":"crossing","id":"node/8993276416"},"geometry":{"type":"Point","coordinates":[20.9499338,52.2896808]}},{"type":"Feature","properties":{"highway":"crossing","id":"node/8993291817"},"geometry":{"type":"Point","coordinates":[20.9498895,52.289668]}},{"type":"Feature","properties":{"highway":"crossing","id":"node/9031567751"},"geometry":{"type":"Point","coordinates":[20.9244779,52.285669]}},{"type":"Feature","properties":{"highway":"crossing","id":"node/9032412801"},"geometry":{"type":"Point","coordinates":[20.9367996,52.278838]}},{"type":"Feature","properties":{"highway":"crossing","id":"node/9032412804"},"geometry":{"type":"Point","coordinates":[20.9368466,52.2794473]}},{"type":"Feature","properties":{"highway":"crossing","id":"node/9032412806"},"geometry":{"type":"Point","coordinates":[20.9368705,52.279757]}},{"type":"Feature","properties":{"highway":"crossing","id":"node/9032412815"},"geometry":{"type":"Point","coordinates":[20.9371383,52.2804142]}},{"type":"Feature","properties":{"highway":"crossing","id":"node/9034406504"},"geometry":{"type":"Point","coordinates":[20.9373123,52.2769829]}},{"type":"Feature","properties":{"highway":"crossing","id":"node/9037735007"},"geometry":{"type":"Point","coordinates":[20.9738009,52.2819665]}},{"type":"Feature","properties":{"highway":"crossing","id":"node/9068790688"},"geometry":{"type":"Point","coordinates":[20.9320598,52.2993845]}},{"type":"Feature","properties":{"highway":"crossing","id":"node/9091137173"},"geometry":{"type":"Point","coordinates":[20.9453671,52.2951772]}},{"type":"Feature","properties":{"highway":"crossing","id":"node/9091137270"},"geometry":{"type":"Point","coordinates":[20.9443351,52.295393]}},{"type":"Feature","properties":{"highway":"crossing","id":"node/9129743300"},"geometry":{"type":"Point","coordinates":[20.929197,52.2893028]}},{"type":"Feature","properties":{"highway":"crossing","id":"node/9142852140"},"geometry":{"type":"Point","coordinates":[20.9313515,52.2782908]}},{"type":"Feature","properties":{"highway":"crossing","id":"node/9154057016"},"geometry":{"type":"Point","coordinates":[20.9781776,52.2764174]}},{"type":"Feature","properties":{"highway":"crossing","id":"node/9154057073"},"geometry":{"type":"Point","coordinates":[20.9766151,52.2765305]}},{"type":"Feature","properties":{"highway":"crossing","id":"node/9154057075"},"geometry":{"type":"Point","coordinates":[20.978102,52.2764705]}},{"type":"Feature","properties":{"highway":"crossing","id":"node/9154057076"},"geometry":{"type":"Point","coordinates":[20.9780221,52.2765384]}},{"type":"Feature","properties":{"highway":"crossing","id":"node/9154057078"},"geometry":{"type":"Point","coordinates":[20.9782324,52.2765429]}},{"type":"Feature","properties":{"highway":"crossing","id":"node/9154057079"},"geometry":{"type":"Point","coordinates":[20.9780922,52.2766156]}},{"type":"Feature","properties":{"highway":"crossing","id":"node/9154057089"},"geometry":{"type":"Point","coordinates":[20.977999,52.277373]}},{"type":"Feature","properties":{"highway":"crossing","id":"node/9154845980"},"geometry":{"type":"Point","coordinates":[20.9671729,52.2839261]}},{"type":"Feature","properties":{"highway":"crossing","id":"node/9176582652"},"geometry":{"type":"Point","coordinates":[20.9268332,52.2842215]}},{"type":"Feature","properties":{"highway":"crossing","id":"node/9176582658"},"geometry":{"type":"Point","coordinates":[20.9271005,52.2852032]}},{"type":"Feature","properties":{"highway":"crossing","id":"node/9221025951"},"geometry":{"type":"Point","coordinates":[20.9441695,52.280395]}},{"type":"Feature","properties":{"highway":"crossing","id":"node/9271847358"},"geometry":{"type":"Point","coordinates":[20.9617276,52.2771252]}},{"type":"Feature","properties":{"highway":"crossing","id":"node/9275006961"},"geometry":{"type":"Point","coordinates":[20.9559784,52.2839788]}},{"type":"Feature","properties":{"highway":"crossing","id":"node/9278224771"},"geometry":{"type":"Point","coordinates":[20.9506141,52.2896298]}},{"type":"Feature","properties":{"highway":"crossing","id":"node/9288682215"},"geometry":{"type":"Point","coordinates":[20.9312829,52.2920371]}},{"type":"Feature","properties":{"highway":"crossing","id":"node/9351110108"},"geometry":{"type":"Point","coordinates":[20.9527687,52.2825901]}},{"type":"Feature","properties":{"highway":"crossing","id":"node/9353512363"},"geometry":{"type":"Point","coordinates":[20.936885,52.2979778]}},{"type":"Feature","properties":{"highway":"crossing","id":"node/9353512364"},"geometry":{"type":"Point","coordinates":[20.9369121,52.297993]}},{"type":"Feature","properties":{"highway":"crossing","id":"node/9458671368"},"geometry":{"type":"Point","coordinates":[20.9405135,52.2814546]}},{"type":"Feature","properties":{"highway":"crossing","id":"node/9498500035"},"geometry":{"type":"Point","coordinates":[20.9492005,52.2904859]}},{"type":"Feature","properties":{"highway":"crossing","id":"node/9507646247"},"geometry":{"type":"Point","coordinates":[20.9259956,52.2828324]}},{"type":"Feature","properties":{"highway":"crossing","id":"node/9507646248"},"geometry":{"type":"Point","coordinates":[20.9259721,52.2828423]}},{"type":"Feature","properties":{"highway":"crossing","id":"node/9524546918"},"geometry":{"type":"Point","coordinates":[20.9726482,52.2819344]}},{"type":"Feature","properties":{"highway":"crossing","id":"node/9526788837"},"geometry":{"type":"Point","coordinates":[20.9265382,52.2833029]}},{"type":"Feature","properties":{"highway":"crossing","id":"node/9526788838"},"geometry":{"type":"Point","coordinates":[20.9266266,52.2832585]}},{"type":"Feature","properties":{"highway":"crossing","id":"node/9553010380"},"geometry":{"type":"Point","coordinates":[20.9294418,52.2907489]}},{"type":"Feature","properties":{"highway":"crossing","id":"node/9555656234"},"geometry":{"type":"Point","coordinates":[20.9240697,52.2810251]}},{"type":"Feature","properties":{"highway":"crossing","id":"node/9555656235"},"geometry":{"type":"Point","coordinates":[20.9239676,52.2810709]}},{"type":"Feature","properties":{"highway":"crossing","id":"node/9565826199"},"geometry":{"type":"Point","coordinates":[20.98219,52.302362]}},{"type":"Feature","properties":{"highway":"crossing","id":"node/9565826200"},"geometry":{"type":"Point","coordinates":[20.9824267,52.3024717]}},{"type":"Feature","properties":{"highway":"crossing","id":"node/9565826204"},"geometry":{"type":"Point","coordinates":[20.9822141,52.3024906]}},{"type":"Feature","properties":{"highway":"crossing","id":"node/9607161367"},"geometry":{"type":"Point","coordinates":[20.9290197,52.3031206]}},{"type":"Feature","properties":{"highway":"crossing","id":"node/9607161372"},"geometry":{"type":"Point","coordinates":[20.9290264,52.3032849]}},{"type":"Feature","properties":{"highway":"crossing","id":"node/9607161395"},"geometry":{"type":"Point","coordinates":[20.9255188,52.305531]}},{"type":"Feature","properties":{"highway":"crossing","id":"node/9607469801"},"geometry":{"type":"Point","coordinates":[20.9332343,52.3030697]}},{"type":"Feature","properties":{"highway":"crossing","id":"node/9607469835"},"geometry":{"type":"Point","coordinates":[20.932788,52.3027631]}},{"type":"Feature","properties":{"highway":"crossing","id":"node/9607469836"},"geometry":{"type":"Point","coordinates":[20.9319873,52.3032551]}},{"type":"Feature","properties":{"highway":"crossing","id":"node/9610789001"},"geometry":{"type":"Point","coordinates":[20.9413025,52.2882037]}},{"type":"Feature","properties":{"highway":"crossing","id":"node/9610822211"},"geometry":{"type":"Point","coordinates":[20.9397294,52.288514]}},{"type":"Feature","properties":{"highway":"crossing","id":"node/9610822214"},"geometry":{"type":"Point","coordinates":[20.9398821,52.2886284]}},{"type":"Feature","properties":{"highway":"crossing","id":"node/9625109702"},"geometry":{"type":"Point","coordinates":[20.9273637,52.2769931]}},{"type":"Feature","properties":{"highway":"crossing","id":"node/9707298324"},"geometry":{"type":"Point","coordinates":[20.9301757,52.2902506]}},{"type":"Feature","properties":{"highway":"crossing","id":"node/9927181263"},"geometry":{"type":"Point","coordinates":[20.9560339,52.282118]}},{"type":"Feature","properties":{"highway":"crossing","id":"node/9931676089"},"geometry":{"type":"Point","coordinates":[20.9669714,52.2825313]}},{"type":"Feature","properties":{"highway":"crossing","id":"node/9932025531"},"geometry":{"type":"Point","coordinates":[20.9425402,52.2988906]}},{"type":"Feature","properties":{"highway":"crossing","id":"node/9932696022"},"geometry":{"type":"Point","coordinates":[20.9243689,52.2813222]}},{"type":"Feature","properties":{"highway":"crossing","id":"node/9936264325"},"geometry":{"type":"Point","coordinates":[20.9321672,52.2991498]}},{"type":"Feature","properties":{"highway":"crossing","id":"node/9936264336"},"geometry":{"type":"Point","coordinates":[20.9322923,52.2994705]}},{"type":"Feature","properties":{"highway":"crossing","id":"node/9973421399"},"geometry":{"type":"Point","coordinates":[20.9318529,52.2970359]}},{"type":"Feature","properties":{"highway":"crossing","id":"node/10033394772"},"geometry":{"type":"Point","coordinates":[20.9304042,52.2862803]}},{"type":"Feature","properties":{"highway":"crossing","id":"node/10033394773"},"geometry":{"type":"Point","coordinates":[20.9304779,52.2862491]}},{"type":"Feature","properties":{"highway":"crossing","id":"node/10033394774"},"geometry":{"type":"Point","coordinates":[20.9303551,52.2863017]}},{"type":"Feature","properties":{"highway":"crossing","id":"node/10144859363"},"geometry":{"type":"Point","coordinates":[20.9342384,52.2996294]}},{"type":"Feature","properties":{"highway":"crossing","id":"node/10144859385"},"geometry":{"type":"Point","coordinates":[20.9293154,52.3031573]}},{"type":"Feature","properties":{"highway":"crossing","id":"node/10144859387"},"geometry":{"type":"Point","coordinates":[20.9292217,52.3032669]}},{"type":"Feature","properties":{"highway":"crossing","id":"node/10144859389"},"geometry":{"type":"Point","coordinates":[20.9321445,52.3012775]}},{"type":"Feature","properties":{"highway":"crossing","id":"node/10144859390"},"geometry":{"type":"Point","coordinates":[20.9320379,52.3013687]}},{"type":"Feature","properties":{"highway":"crossing","id":"node/10144859415"},"geometry":{"type":"Point","coordinates":[20.9254915,52.3055096]}},{"type":"Feature","properties":{"highway":"crossing","id":"node/10144859416"},"geometry":{"type":"Point","coordinates":[20.9267326,52.304751]}},{"type":"Feature","properties":{"highway":"crossing","id":"node/10148367318"},"geometry":{"type":"Point","coordinates":[20.9759432,52.3088837]}},{"type":"Feature","properties":{"highway":"crossing","id":"node/10148367319"},"geometry":{"type":"Point","coordinates":[20.9773048,52.3092302]}},{"type":"Feature","properties":{"highway":"crossing","id":"node/10148367346"},"geometry":{"type":"Point","coordinates":[20.9756119,52.309349]}},{"type":"Feature","properties":{"highway":"crossing","id":"node/10148367349"},"geometry":{"type":"Point","coordinates":[20.9773246,52.3091552]}},{"type":"Feature","properties":{"highway":"crossing","id":"node/10148367355"},"geometry":{"type":"Point","coordinates":[20.9787711,52.3095243]}},{"type":"Feature","properties":{"highway":"crossing","id":"node/10148367361"},"geometry":{"type":"Point","coordinates":[20.9790094,52.3095851]}},{"type":"Feature","properties":{"highway":"crossing","id":"node/10148367364"},"geometry":{"type":"Point","coordinates":[20.9760439,52.3088283]}},{"type":"Feature","properties":{"highway":"crossing","id":"node/10148367402"},"geometry":{"type":"Point","coordinates":[20.9772366,52.3094065]}},{"type":"Feature","properties":{"highway":"crossing","id":"node/10148367421"},"geometry":{"type":"Point","coordinates":[20.9781073,52.3093549]}},{"type":"Feature","properties":{"highway":"crossing","id":"node/10148367434"},"geometry":{"type":"Point","coordinates":[20.9755203,52.3086947]}},{"type":"Feature","properties":{"highway":"crossing","id":"node/10148367518"},"geometry":{"type":"Point","coordinates":[20.9747442,52.3085786]}},{"type":"Feature","properties":{"highway":"crossing","id":"node/10148367998"},"geometry":{"type":"Point","coordinates":[20.9758989,52.3090244]}},{"type":"Feature","properties":{"highway":"crossing","id":"node/10198256476"},"geometry":{"type":"Point","coordinates":[20.9275587,52.2840228]}},{"type":"Feature","properties":{"highway":"crossing","id":"node/10198256477"},"geometry":{"type":"Point","coordinates":[20.9276771,52.2839651]}},{"type":"Feature","properties":{"highway":"crossing","id":"node/10218921201"},"geometry":{"type":"Point","coordinates":[20.9364656,52.3069644]}},{"type":"Feature","properties":{"highway":"crossing","id":"node/10218921202"},"geometry":{"type":"Point","coordinates":[20.9362446,52.3070605]}},{"type":"Feature","properties":{"highway":"crossing","id":"node/10218921203"},"geometry":{"type":"Point","coordinates":[20.9364133,52.3070643]}},{"type":"Feature","properties":{"highway":"crossing","id":"node/10218921205"},"geometry":{"type":"Point","coordinates":[20.9352636,52.3073301]}},{"type":"Feature","properties":{"highway":"crossing","id":"node/10218921206"},"geometry":{"type":"Point","coordinates":[20.9351592,52.3074359]}},{"type":"Feature","properties":{"highway":"crossing","id":"node/10218921207"},"geometry":{"type":"Point","coordinates":[20.9355442,52.3073584]}},{"type":"Feature","properties":{"highway":"crossing","id":"node/10218921331"},"geometry":{"type":"Point","coordinates":[20.933422,52.3060623]}},{"type":"Feature","properties":{"highway":"crossing","id":"node/10247848561"},"geometry":{"type":"Point","coordinates":[20.968052,52.276371]}},{"type":"Feature","properties":{"highway":"crossing","id":"node/10247848563"},"geometry":{"type":"Point","coordinates":[20.9680796,52.2763486]}},{"type":"Feature","properties":{"highway":"crossing","id":"node/10247848566"},"geometry":{"type":"Point","coordinates":[20.9679334,52.2764713]}},{"type":"Feature","properties":{"highway":"crossing","id":"node/10256180866"},"geometry":{"type":"Point","coordinates":[20.9282774,52.2802919]}},{"type":"Feature","properties":{"highway":"crossing","id":"node/10687334218"},"geometry":{"type":"Point","coordinates":[20.9783066,52.3094843]}},{"type":"Feature","properties":{"highway":"crossing","id":"node/10734606135"},"geometry":{"type":"Point","coordinates":[20.9285068,52.284742]}},{"type":"Feature","properties":{"highway":"crossing","id":"node/10734606137"},"geometry":{"type":"Point","coordinates":[20.9285929,52.2847028]}},{"type":"Feature","properties":{"highway":"crossing","id":"node/10816670949"},"geometry":{"type":"Point","coordinates":[20.9305496,52.2882405]}},{"type":"Feature","properties":{"highway":"crossing","id":"node/10816670950"},"geometry":{"type":"Point","coordinates":[20.9311994,52.2879485]}},{"type":"Feature","properties":{"highway":"crossing","id":"node/10820282933"},"geometry":{"type":"Point","coordinates":[20.924786,52.281855]}},{"type":"Feature","properties":{"highway":"crossing","id":"node/10820282934"},"geometry":{"type":"Point","coordinates":[20.9247438,52.2818747]}},{"type":"Feature","properties":{"highway":"crossing","id":"node/10845960106"},"geometry":{"type":"Point","coordinates":[20.9441768,52.2797451]}},{"type":"Feature","properties":{"highway":"crossing","id":"node/10845960136"},"geometry":{"type":"Point","coordinates":[20.9528656,52.2865798]}},{"type":"Feature","properties":{"highway":"crossing","id":"node/10845960455"},"geometry":{"type":"Point","coordinates":[20.9360011,52.2910911]}},{"type":"Feature","properties":{"highway":"crossing","id":"node/10845960521"},"geometry":{"type":"Point","coordinates":[20.9405768,52.2776853]}},{"type":"Feature","properties":{"highway":"crossing","id":"node/10864722042"},"geometry":{"type":"Point","coordinates":[20.9454724,52.2952127]}},{"type":"Feature","properties":{"railway":"level_crossing","id":"node/10870607898"},"geometry":{"type":"Point","coordinates":[20.9266915,52.298415]}},{"type":"Feature","properties":{"railway":"level_crossing","id":"node/10870607899"},"geometry":{"type":"Point","coordinates":[20.9268465,52.2985228]}},{"type":"Feature","properties":{"railway":"level_crossing","id":"node/10870607900"},"geometry":{"type":"Point","coordinates":[20.9268726,52.2985375]}},{"type":"Feature","properties":{"railway":"level_crossing","id":"node/10870607902"},"geometry":{"type":"Point","coordinates":[20.9264077,52.2984312]}},{"type":"Feature","properties":{"highway":"crossing","id":"node/11010470941"},"geometry":{"type":"Point","coordinates":[20.9324847,52.2778427]}},{"type":"Feature","properties":{"highway":"crossing","id":"node/11010470948"},"geometry":{"type":"Point","coordinates":[20.9312965,52.2780009]}},{"type":"Feature","properties":{"highway":"crossing","id":"node/11027211794"},"geometry":{"type":"Point","coordinates":[20.9298591,52.2952493]}},{"type":"Feature","properties":{"highway":"crossing","id":"node/11027211795"},"geometry":{"type":"Point","coordinates":[20.9298911,52.2952345]}},{"type":"Feature","properties":{"highway":"crossing","id":"node/11074066976"},"geometry":{"type":"Point","coordinates":[20.92986,52.2955319]}},{"type":"Feature","properties":{"highway":"crossing","id":"node/11078743888"},"geometry":{"type":"Point","coordinates":[20.9254525,52.2823836]}},{"type":"Feature","properties":{"highway":"crossing","id":"node/11078820316"},"geometry":{"type":"Point","coordinates":[20.9309551,52.2774868]}},{"type":"Feature","properties":{"highway":"crossing","id":"node/11079000964"},"geometry":{"type":"Point","coordinates":[20.9374883,52.2856826]}},{"type":"Feature","properties":{"highway":"crossing","id":"node/11089248727"},"geometry":{"type":"Point","coordinates":[20.9301664,52.2957388]}},{"type":"Feature","properties":{"highway":"crossing","id":"node/11205365032"},"geometry":{"type":"Point","coordinates":[20.9509885,52.2870854]}},{"type":"Feature","properties":{"highway":"crossing","id":"node/11339628268"},"geometry":{"type":"Point","coordinates":[20.9322223,52.2975578]}},{"type":"Feature","properties":{"highway":"crossing","id":"node/11339650969"},"geometry":{"type":"Point","coordinates":[20.9321865,52.2975742]}},{"type":"Feature","properties":{"highway":"crossing","id":"node/11429828296"},"geometry":{"type":"Point","coordinates":[20.9251502,52.2930988]}},{"type":"Feature","properties":{"highway":"crossing","id":"node/11429828297"},"geometry":{"type":"Point","coordinates":[20.9264826,52.2934008]}},{"type":"Feature","properties":{"highway":"crossing","id":"node/11429828298"},"geometry":{"type":"Point","coordinates":[20.9274032,52.2934023]}},{"type":"Feature","properties":{"highway":"crossing","id":"node/11429828299"},"geometry":{"type":"Point","coordinates":[20.9281996,52.2948955]}},{"type":"Feature","properties":{"highway":"crossing","id":"node/11429828300"},"geometry":{"type":"Point","coordinates":[20.9353265,52.3015007]}},{"type":"Feature","properties":{"highway":"crossing","id":"node/11429922844"},"geometry":{"type":"Point","coordinates":[20.9846621,52.277144]}},{"type":"Feature","properties":{"highway":"crossing","id":"node/11511925512"},"geometry":{"type":"Point","coordinates":[20.9424895,52.2989113]}},{"type":"Feature","properties":{"highway":"crossing","id":"node/11511925526"},"geometry":{"type":"Point","coordinates":[20.9425178,52.2988849]}},{"type":"Feature","properties":{"highway":"crossing","id":"node/11525140231"},"geometry":{"type":"Point","coordinates":[20.9575659,52.2804709]}},{"type":"Feature","properties":{"highway":"crossing","id":"node/11525140236"},"geometry":{"type":"Point","coordinates":[20.9564143,52.279507]}},{"type":"Feature","properties":{"highway":"crossing","id":"node/11642493627"},"geometry":{"type":"Point","coordinates":[20.9379205,52.28638]}},{"type":"Feature","properties":{"highway":"crossing","id":"node/11642493856"},"geometry":{"type":"Point","coordinates":[20.9369708,52.2857402]}},{"type":"Feature","properties":{"highway":"crossing","id":"node/11642493975"},"geometry":{"type":"Point","coordinates":[20.9396649,52.2854342]}},{"type":"Feature","properties":{"highway":"crossing","id":"node/11642493976"},"geometry":{"type":"Point","coordinates":[20.9395226,52.2852886]}},{"type":"Feature","properties":{"highway":"crossing","id":"node/11646981780"},"geometry":{"type":"Point","coordinates":[20.9491734,52.2904633]}},{"type":"Feature","properties":{"highway":"crossing","id":"node/11646981781"},"geometry":{"type":"Point","coordinates":[20.949366,52.2902224]}},{"type":"Feature","properties":{"highway":"crossing","id":"node/11893876774"},"geometry":{"type":"Point","coordinates":[20.9749744,52.2895767]}},{"type":"Feature","properties":{"highway":"crossing","id":"node/11893876775"},"geometry":{"type":"Point","coordinates":[20.9750028,52.2895428]}},{"type":"Feature","properties":{"highway":"crossing","id":"node/11895516985"},"geometry":{"type":"Point","coordinates":[20.9768118,52.2873871]}},{"type":"Feature","properties":{"highway":"crossing","id":"node/11895516986"},"geometry":{"type":"Point","coordinates":[20.9767857,52.2874183]}},{"type":"Feature","properties":{"highway":"crossing","id":"node/11895516989"},"geometry":{"type":"Point","coordinates":[20.9770262,52.2871306]}},{"type":"Feature","properties":{"highway":"crossing","id":"node/11895516994"},"geometry":{"type":"Point","coordinates":[20.976745,52.2871768]}},{"type":"Feature","properties":{"highway":"crossing","id":"node/12020660883"},"geometry":{"type":"Point","coordinates":[20.9801216,52.3002562]}},{"type":"Feature","properties":{"highway":"crossing","id":"node/12078478811"},"geometry":{"type":"Point","coordinates":[20.9271718,52.2937361]}},{"type":"Feature","properties":{"highway":"crossing","id":"node/12078478814"},"geometry":{"type":"Point","coordinates":[20.9275197,52.2941265]}},{"type":"Feature","properties":{"highway":"crossing","id":"node/12078478838"},"geometry":{"type":"Point","coordinates":[20.9270385,52.2937367]}},{"type":"Feature","properties":{"highway":"crossing","id":"node/12269546564"},"geometry":{"type":"Point","coordinates":[20.9807041,52.2995204]}},{"type":"Feature","properties":{"highway":"crossing","id":"node/12346174888"},"geometry":{"type":"Point","coordinates":[20.978743,52.3021668]}},{"type":"Feature","properties":{"highway":"crossing","id":"node/12348803143"},"geometry":{"type":"Point","coordinates":[20.9865273,52.304987]}},{"type":"Feature","properties":{"highway":"crossing","id":"node/12348803144"},"geometry":{"type":"Point","coordinates":[20.9860981,52.3053266]}},{"type":"Feature","properties":{"highway":"crossing","id":"node/12348803173"},"geometry":{"type":"Point","coordinates":[20.9859255,52.3052148]}},{"type":"Feature","properties":{"highway":"crossing","id":"node/12348824181"},"geometry":{"type":"Point","coordinates":[20.9842807,52.3032927]}},{"type":"Feature","properties":{"highway":"crossing","id":"node/12358400049"},"geometry":{"type":"Point","coordinates":[20.9751039,52.3070613]}},{"type":"Feature","properties":{"highway":"crossing","id":"node/12376855043"},"geometry":{"type":"Point","coordinates":[20.9808399,52.2996245]}},{"type":"Feature","properties":{"highway":"crossing","id":"node/12376855059"},"geometry":{"type":"Point","coordinates":[20.9860513,52.301455]}},{"type":"Feature","properties":{"highway":"crossing","id":"node/12462859668"},"geometry":{"type":"Point","coordinates":[20.9798628,52.3051007]}},{"type":"Feature","properties":{"highway":"crossing","id":"node/12570969862"},"geometry":{"type":"Point","coordinates":[20.9328405,52.3056164]}},{"type":"Feature","properties":{"highway":"crossing","id":"node/12595568965"},"geometry":{"type":"Point","coordinates":[20.9545596,52.2776012]}},{"type":"Feature","properties":{"highway":"crossing","id":"node/12648187605"},"geometry":{"type":"Point","coordinates":[20.9276374,52.2935965]}},{"type":"Feature","properties":{"highway":"crossing","id":"node/12736874459"},"geometry":{"type":"Point","coordinates":[20.9303022,52.3047499]}},{"type":"Feature","properties":{"highway":"crossing","id":"node/12736874562"},"geometry":{"type":"Point","coordinates":[20.9299656,52.3045229]}},{"type":"Feature","properties":{"highway":"crossing","id":"node/12737391746"},"geometry":{"type":"Point","coordinates":[20.9292631,52.304515]}},{"type":"Feature","properties":{"highway":"crossing","id":"node/12737432525"},"geometry":{"type":"Point","coordinates":[20.9299529,52.3044615]}},{"type":"Feature","properties":{"highway":"crossing","id":"node/12737432528"},"geometry":{"type":"Point","coordinates":[20.9294909,52.3044255]}},{"type":"Feature","properties":{"highway":"crossing","id":"node/12977483689"},"geometry":{"type":"Point","coordinates":[20.931011,52.3020835]}},{"type":"Feature","properties":{"highway":"crossing","id":"node/12986175285"},"geometry":{"type":"Point","coordinates":[20.9288172,52.3028106]}},{"type":"Feature","properties":{"highway":"crossing","id":"node/12986175286"},"geometry":{"type":"Point","coordinates":[20.9287227,52.3028623]}},{"type":"Feature","properties":{"highway":"crossing","id":"node/12993688271"},"geometry":{"type":"Point","coordinates":[20.944065,52.2844661]}},{"type":"Feature","properties":{"highway":"crossing","id":"node/13037254540"},"geometry":{"type":"Point","coordinates":[20.9287388,52.2945534]}},{"type":"Feature","properties":{"highway":"crossing","id":"node/13037254558"},"geometry":{"type":"Point","coordinates":[20.9287811,52.2945859]}},{"type":"Feature","properties":{"highway":"crossing","id":"node/13037254771"},"geometry":{"type":"Point","coordinates":[20.9316882,52.2971104]}},{"type":"Feature","properties":{"highway":"crossing","id":"node/13037254778"},"geometry":{"type":"Point","coordinates":[20.9321885,52.2971146]}},{"type":"Feature","properties":{"highway":"crossing","id":"node/13037254779"},"geometry":{"type":"Point","coordinates":[20.9321608,52.2971268]}},{"type":"Feature","properties":{"highway":"crossing","id":"node/13037255002"},"geometry":{"type":"Point","coordinates":[20.9326838,52.2979374]}},{"type":"Feature","properties":{"highway":"crossing","id":"node/13037255011"},"geometry":{"type":"Point","coordinates":[20.9327094,52.2979253]}},{"type":"Feature","properties":{"highway":"crossing","id":"node/13188935272"},"geometry":{"type":"Point","coordinates":[20.9292502,52.3032863]}},{"type":"Feature","properties":{"highway":"crossing","id":"node/13195411119"},"geometry":{"type":"Point","coordinates":[20.9239337,52.2812447]}},{"type":"Feature","properties":{"highway":"crossing","id":"node/13195411149"},"geometry":{"type":"Point","coordinates":[20.9239964,52.2812302]}},{"type":"Feature","properties":{"highway":"crossing","id":"node/13195411170"},"geometry":{"type":"Point","coordinates":[20.924406,52.2813514]}},{"type":"Feature","properties":{"highway":"crossing","id":"node/13195411209"},"geometry":{"type":"Point","coordinates":[20.9245301,52.2810975]}},{"type":"Feature","properties":{"highway":"crossing","id":"node/13195411213"},"geometry":{"type":"Point","coordinates":[20.9245746,52.2810861]}},{"type":"Feature","properties":{"highway":"crossing","id":"node/13205200581"},"geometry":{"type":"Point","coordinates":[20.934832,52.3010137]}},{"type":"Feature","properties":{"highway":"crossing","id":"node/13205229154"},"geometry":{"type":"Point","coordinates":[20.9357815,52.3004085]}},{"type":"Feature","properties":{"highway":"crossing","id":"node/13205229155"},"geometry":{"type":"Point","coordinates":[20.9356527,52.3004908]}},{"type":"Feature","properties":{"highway":"crossing","id":"node/13205229156"},"geometry":{"type":"Point","coordinates":[20.9352555,52.3007449]}},{"type":"Feature","properties":{"highway":"crossing","id":"node/13205229157"},"geometry":{"type":"Point","coordinates":[20.9355243,52.3005729]}},{"type":"Feature","properties":{"highway":"crossing","id":"node/13205229158"},"geometry":{"type":"Point","coordinates":[20.9353962,52.3006567]}},{"type":"Feature","properties":{"highway":"crossing","id":"node/13205229159"},"geometry":{"type":"Point","coordinates":[20.9349775,52.300921]}},{"type":"Feature","properties":{"highway":"crossing","id":"node/13205229160"},"geometry":{"type":"Point","coordinates":[20.9351134,52.3008356]}},{"type":"Feature","properties":{"highway":"crossing","id":"node/13208401524"},"geometry":{"type":"Point","coordinates":[20.9332822,52.2888051]}},{"type":"Feature","properties":{"highway":"crossing","id":"node/13208401526"},"geometry":{"type":"Point","coordinates":[20.9332728,52.2888426]}},{"type":"Feature","properties":{"highway":"crossing","id":"node/13208401533"},"geometry":{"type":"Point","coordinates":[20.933497,52.2887247]}},{"type":"Feature","properties":{"highway":"crossing","id":"node/13208401534"},"geometry":{"type":"Point","coordinates":[20.9333952,52.2887736]}},{"type":"Feature","properties":{"highway":"crossing","id":"node/13208401585"},"geometry":{"type":"Point","coordinates":[20.9340871,52.289234]}},{"type":"Feature","properties":{"highway":"crossing","id":"node/13208441607"},"geometry":{"type":"Point","coordinates":[20.9324097,52.2892116]}},{"type":"Feature","properties":{"highway":"crossing","id":"node/13233510811"},"geometry":{"type":"Point","coordinates":[20.9330129,52.297988]}},{"type":"Feature","properties":{"highway":"crossing","id":"node/13234437048"},"geometry":{"type":"Point","coordinates":[20.9741833,52.2791798]}},{"type":"Feature","properties":{"highway":"crossing","id":"node/13234437049"},"geometry":{"type":"Point","coordinates":[20.9742428,52.2791742]}},{"type":"Feature","properties":{"highway":"crossing","id":"node/13234437054"},"geometry":{"type":"Point","coordinates":[20.9737081,52.2794403]}},{"type":"Feature","properties":{"highway":"crossing","id":"node/13234437055"},"geometry":{"type":"Point","coordinates":[20.9736986,52.279475]}},{"type":"Feature","properties":{"highway":"crossing","id":"node/13234437056"},"geometry":{"type":"Point","coordinates":[20.9737922,52.2794986]}},{"type":"Feature","properties":{"highway":"crossing","id":"node/13234437057"},"geometry":{"type":"Point","coordinates":[20.9738153,52.2794656]}},{"type":"Feature","properties":{"highway":"crossing","id":"node/13234437064"},"geometry":{"type":"Point","coordinates":[20.9734645,52.2793082]}},{"type":"Feature","properties":{"highway":"crossing","id":"node/13234437065"},"geometry":{"type":"Point","coordinates":[20.973447,52.2792489]}},{"type":"Feature","properties":{"highway":"crossing","id":"node/13234437066"},"geometry":{"type":"Point","coordinates":[20.9734986,52.2792404]}},{"type":"Feature","properties":{"highway":"crossing","id":"node/13234437067"},"geometry":{"type":"Point","coordinates":[20.9735164,52.2793061]}},{"type":"Feature","properties":{"highway":"crossing","id":"node/13234437074"},"geometry":{"type":"Point","coordinates":[20.9739342,52.2796295]}},{"type":"Feature","properties":{"highway":"crossing","id":"node/13234471527"},"geometry":{"type":"Point","coordinates":[20.9735777,52.2791094]}},{"type":"Feature","properties":{"highway":"crossing","id":"node/13234471528"},"geometry":{"type":"Point","coordinates":[20.9735346,52.2790873]}},{"type":"Feature","properties":{"highway":"crossing","id":"node/13234471553"},"geometry":{"type":"Point","coordinates":[20.9739118,52.2790353]}},{"type":"Feature","properties":{"highway":"crossing","id":"node/13234471597"},"geometry":{"type":"Point","coordinates":[20.9742562,52.2792484]}},{"type":"Feature","properties":{"highway":"crossing","id":"node/13234471675"},"geometry":{"type":"Point","coordinates":[20.9741971,52.2792547]}},{"type":"Feature","properties":{"highway":"crossing","id":"node/13237820353"},"geometry":{"type":"Point","coordinates":[20.9450226,52.2948514]}},{"type":"Feature","properties":{"highway":"crossing","id":"node/13237820354"},"geometry":{"type":"Point","coordinates":[20.944944,52.2948622]}},{"type":"Feature","properties":{"highway":"crossing","id":"node/13237820388"},"geometry":{"type":"Point","coordinates":[20.9448746,52.2949537]}},{"type":"Feature","properties":{"highway":"crossing","id":"node/13237829408"},"geometry":{"type":"Point","coordinates":[20.9449166,52.2949707]}},{"type":"Feature","properties":{"highway":"crossing","id":"node/13238758125"},"geometry":{"type":"Point","coordinates":[20.9598084,52.2773066]}},{"type":"Feature","properties":{"highway":"crossing","id":"node/13238758126"},"geometry":{"type":"Point","coordinates":[20.9599126,52.2772421]}},{"type":"Feature","properties":{"highway":"crossing","id":"node/13238758138"},"geometry":{"type":"Point","coordinates":[20.9595255,52.2772912]}},{"type":"Feature","properties":{"highway":"crossing","id":"node/13238758141"},"geometry":{"type":"Point","coordinates":[20.9592594,52.2770177]}},{"type":"Feature","properties":{"highway":"crossing","id":"node/13238758146"},"geometry":{"type":"Point","coordinates":[20.959346,52.2768623]}},{"type":"Feature","properties":{"highway":"crossing","id":"node/13238758147"},"geometry":{"type":"Point","coordinates":[20.9595288,52.2768209]}},{"type":"Feature","properties":{"highway":"crossing","id":"node/13238771952"},"geometry":{"type":"Point","coordinates":[20.9593287,52.2768264]}},{"type":"Feature","properties":{"highway":"crossing","id":"node/13238771953"},"geometry":{"type":"Point","coordinates":[20.9594937,52.2767889]}},{"type":"Feature","properties":{"highway":"crossing","id":"node/13238772049"},"geometry":{"type":"Point","coordinates":[20.9592098,52.2770406]}},{"type":"Feature","properties":{"highway":"crossing","id":"node/13238772050"},"geometry":{"type":"Point","coordinates":[20.9594865,52.2773104]}},{"type":"Feature","properties":{"highway":"crossing","id":"node/13238772051"},"geometry":{"type":"Point","coordinates":[20.9598593,52.2773329]}},{"type":"Feature","properties":{"highway":"crossing","id":"node/13238772052"},"geometry":{"type":"Point","coordinates":[20.9599596,52.2772695]}},{"type":"Feature","properties":{"highway":"crossing","id":"node/13238772180"},"geometry":{"type":"Point","coordinates":[20.9616736,52.2780302]}},{"type":"Feature","properties":{"highway":"crossing","id":"node/13238772185"},"geometry":{"type":"Point","coordinates":[20.9616148,52.2777042]}},{"type":"Feature","properties":{"highway":"crossing","id":"node/13238772186"},"geometry":{"type":"Point","coordinates":[20.9614539,52.2776454]}},{"type":"Feature","properties":{"highway":"crossing","id":"node/13238772187"},"geometry":{"type":"Point","coordinates":[20.9610955,52.2777194]}},{"type":"Feature","properties":{"highway":"crossing","id":"node/13238772188"},"geometry":{"type":"Point","coordinates":[20.9610128,52.2778009]}},{"type":"Feature","properties":{"highway":"crossing","id":"node/13238772189"},"geometry":{"type":"Point","coordinates":[20.9613049,52.2780458]}},{"type":"Feature","properties":{"highway":"crossing","id":"node/13238772346"},"geometry":{"type":"Point","coordinates":[20.9590881,52.2765665]}},{"type":"Feature","properties":{"highway":"crossing","id":"node/13260204187"},"geometry":{"type":"Point","coordinates":[20.9409469,52.2860223]}},{"type":"Feature","properties":{"highway":"crossing","id":"node/13260220329"},"geometry":{"type":"Point","coordinates":[20.9410096,52.2852775]}},{"type":"Feature","properties":{"highway":"crossing","id":"node/13261658871"},"geometry":{"type":"Point","coordinates":[20.9585115,52.2807852]}},{"type":"Feature","properties":{"highway":"crossing","id":"node/13261658894"},"geometry":{"type":"Point","coordinates":[20.9586774,52.2808427]}},{"type":"Feature","properties":{"highway":"crossing","id":"node/13265516803"},"geometry":{"type":"Point","coordinates":[20.9307932,52.2924285]}},{"type":"Feature","properties":{"highway":"crossing","id":"node/13265516805"},"geometry":{"type":"Point","coordinates":[20.9307767,52.2923962]}},{"type":"Feature","properties":{"highway":"crossing","id":"node/13265516839"},"geometry":{"type":"Point","coordinates":[20.9305657,52.2923802]}},{"type":"Feature","properties":{"highway":"crossing","id":"node/13265516840"},"geometry":{"type":"Point","coordinates":[20.9305261,52.2923062]}},{"type":"Feature","properties":{"highway":"crossing","id":"node/13265516841"},"geometry":{"type":"Point","coordinates":[20.9311423,52.2922028]}},{"type":"Feature","properties":{"highway":"crossing","id":"node/13265516856"},"geometry":{"type":"Point","coordinates":[20.9306435,52.2921484]}},{"type":"Feature","properties":{"highway":"crossing","id":"node/13265516857"},"geometry":{"type":"Point","coordinates":[20.9310328,52.292002]}},{"type":"Feature","properties":{"highway":"crossing","id":"node/13265516858"},"geometry":{"type":"Point","coordinates":[20.931159,52.2922321]}},{"type":"Feature","properties":{"highway":"crossing","id":"node/13283281313"},"geometry":{"type":"Point","coordinates":[20.9515207,52.2786797]}},{"type":"Feature","properties":{"highway":"crossing","id":"node/13283319282"},"geometry":{"type":"Point","coordinates":[20.9321342,52.3050987]}},{"type":"Feature","properties":{"highway":"crossing","id":"node/13341365001"},"geometry":{"type":"Point","coordinates":[20.9382837,52.2866016]}},{"type":"Feature","properties":{"highway":"crossing","id":"node/13393422030"},"geometry":{"type":"Point","coordinates":[20.9342001,52.3026459]}},{"type":"Feature","properties":{"highway":"crossing","id":"node/13393422033"},"geometry":{"type":"Point","coordinates":[20.9344145,52.3024708]}},{"type":"Feature","properties":{"highway":"crossing","id":"node/13408903309"},"geometry":{"type":"Point","coordinates":[20.9348363,52.3003257]}},{"type":"Feature","properties":{"highway":"crossing","id":"node/13408904235"},"geometry":{"type":"Point","coordinates":[20.9352264,52.3000786]}},{"type":"Feature","properties":{"highway":"crossing","id":"node/13408904236"},"geometry":{"type":"Point","coordinates":[20.9350961,52.3001611]}},{"type":"Feature","properties":{"highway":"crossing","id":"node/13408904237"},"geometry":{"type":"Point","coordinates":[20.9349667,52.3002435]}},{"type":"Feature","properties":{"highway":"crossing","id":"node/13408904238"},"geometry":{"type":"Point","coordinates":[20.934696,52.3004139]}},{"type":"Feature","properties":{"highway":"crossing","id":"node/13408904239"},"geometry":{"type":"Point","coordinates":[20.9345526,52.3005046]}},{"type":"Feature","properties":{"highway":"crossing","id":"node/13408904240"},"geometry":{"type":"Point","coordinates":[20.9344186,52.3005906]}},{"type":"Feature","properties":{"highway":"crossing","id":"node/13408904241"},"geometry":{"type":"Point","coordinates":[20.9342728,52.3006828]}},{"type":"Feature","properties":{"highway":"crossing","id":"node/13655072828"},"geometry":{"type":"Point","coordinates":[20.9245396,52.2766644]}},{"type":"Feature","properties":{"highway":"crossing","id":"node/13954942037"},"geometry":{"type":"Point","coordinates":[20.9534851,52.2780143]}},{"type":"Feature","properties":{"highway":"crossing","id":"node/13954942039"},"geometry":{"type":"Point","coordinates":[20.953332,52.2778006]}}]}